id,name,address,city,department,country,kind,nit,phone,lat,lng,validation_status,confidence,precision,provider,evidence,distance_to_runt_anchor_m,address_consistency,runt_source_url,geocode_source_url
cda-bucaramanga-c-d-a-ciudad-bonita-ltda-d7579f871d,C.D.A. CIUDAD BONITA LTDA.,CARRERA 15 # 11 - 56 CARRERA 14 # 12-51,Bucaramanga,Santander,Colombia,CDA,900198494,6715522,7.134155750274658,-73.13123321533203,confirmed_business,0.9536,business,overture_maps_2026-06-17,Overture 4fa5b98b-4252-44e0-88ec-e8c6f0cbc3c1; teléfono RUNT coincide; nombre=CDA Ciudad Bonita; dirección=Carrera 15 11-56; score_nombre=0.920; confianza_fuente=0.993; web=http://www.cdaciudadbonita.com/,122.5,within_250m,https://www.runt.gov.co/directorio-de-actores,http://www.cdaciudadbonita.com/
cda-bucaramanga-c-d-a-las-motos-de-bucaramanga-s-a-s-6312586899,C.D.A. LAS MOTOS DE BUCARAMANGA S.A.S,CALLE 19A NO. 13-05,Bucaramanga,Santander,Colombia,CDA,900245155,6719928,7.1280293464660645,-73.13121795654297,confirmed_business,0.9536,business,overture_maps_2026-06-17,Overture cd6df0d0-4934-4119-8c3c-1752a17d7c8d; nombre y dirección coinciden; nombre=CDA Las Motos de Bucaramanga; dirección=Calle 19A 13-5; score_nombre=0.920; confianza_fuente=0.699; web=http://wa.link/ngfjox,,anchor_not_available,https://www.runt.gov.co/directorio-de-actores,http://wa.link/ngfjox
cda-bucaramanga-cda-bucaramanga-s-a-s-cfe90a6b03,CDA BUCARAMANGA S.A.S.,CRA 14 N. 12 - 91,Bucaramanga,Santander,Colombia,CDA,900357036,6714029,7.133829116821289,-73.13147735595703,confirmed_address,0.9264516129032259,address,overture_maps_2026-06-17,Overture 5dd8e740-47cf-4191-b0f7-53e831afb94c; dirección exacta coincide; nombre=Cda Bmanga; dirección=Carrera 14 12-91; score_nombre=0.581; confianza_fuente=0.560; web=http://www.tecnicomecanica.com.co/,94.5,within_100m,https://www.runt.gov.co/directorio-de-actores,http://www.tecnicomecanica.com.co/
cda-bucaramanga-cda-del-oriente-sas-ab76ccad0d,CDA DEL ORIENTE SAS,AVENIDA QUEBRADA SECA NO 12 19,Bucaramanga,Santander,Colombia,CDA,901104057,3142004023,7.105323791503906,-73.11927032470703,confirmed_business,0.9536,business,overture_maps_2026-06-17,Overture ccd38406-4e05-4218-8470-e5e4f33216b2; nombre comercial muy fuerte; nombre=Promotores del Oriente; dirección=Cra 16 #59-30 Km7 Vía Bucaramanga-Girón; score_nombre=0.920; confianza_fuente=0.620; web=http://promotores.com.co/; dirección RUNT y lugar comercial difieren,,anchor_not_available,https://www.runt.gov.co/directorio-de-actores,http://promotores.com.co/
cda-bucaramanga-cda-la-concordia-2498edee49,CDA LA CONCORDIA,CR 17 B 48 09 BRR LA CONCORDIA,Bucaramanga,Santander,Colombia,CDA,901430081,3112566150,7.118368148803711,-73.13604736328125,confirmed_business,0.9536,business,overture_maps_2026-06-17,Overture f6518097-abf2-4b94-acbe-3c31fa1247fc; nombre comercial muy fuerte; nombre=Reparaciones Slime Concordia; dirección=Carrera 1A 31; score_nombre=0.920; confianza_fuente=0.780; dirección RUNT y lugar comercial difieren,,anchor_not_available,https://www.runt.gov.co/directorio-de-actores,https://docs.overturemaps.org/getting-data/
cda-bucaramanga-cda-la-isla-de-la-52-a1d14d2bc9,CDA LA ISLA DE LA 52,CALLE 52 # 17 A - 38 / CALLE 52 # 17 A – 31,Bucaramanga,Santander,Colombia,CDA,900375005,6076424125,7.110649108886719,-73.11988067626953,confirmed_address,0.9178947368421053,address,overture_maps_2026-06-17,Overture b1eaf500-d8a2-439b-8360-dafe2c3783c1; dirección exacta coincide; nombre=CDA La Isla - Revisión Técnico Mecánica ; dirección=Calle 52 17A-38; score_nombre=0.474; confianza_fuente=0.878; web=https://cdalaisla.com/,,anchor_not_available,https://www.runt.gov.co/directorio-de-actores,https://cdalaisla.com/
cda-bucaramanga-cda-la-terminal-bga-96aaaacd9f,CDA LA TERMINAL BGA,TV METROPOLITANA 13 A 03 BRR CIUDAD VENECIA,Bucaramanga,Santander,Colombia,CDA,901465492,3183120123,7.13687801361084,-73.13166046142578,confirmed_business,0.9536,business,overture_maps_2026-06-17,Overture 8faa6af2-6fde-4d4d-9c5e-87a8715d9fa7; nombre comercial muy fuerte; nombre=Macri Motos BGA; dirección=Carrera 15 8-73; score_nombre=0.920; confianza_fuente=0.759; web=https://bit.ly/catálogo-macrimotos; dirección RUNT y lugar comercial difieren,,anchor_not_available,https://www.runt.gov.co/directorio-de-actores,https://bit.ly/catálogo-macrimotos
cda-bucaramanga-cda-la-virgen-0d0416e6fc,CDA LA VIRGEN,CR 15 N 3 -38,Bucaramanga,Santander,Colombia,CDA,901168625,6984850,7.14021110534668,-73.13321685791016,confirmed_business,0.9536,business,overture_maps_2026-06-17,Overture 2ba22f8b-4717-443a-870e-0836ee5be0d3; teléfono RUNT coincide; nombre=CDA La Virgen - Técnico Mecánica; dirección=Carrera 15 3-38; score_nombre=0.920; confianza_fuente=0.883; web=http://www.cdalavirgen.com/,95.5,within_100m,https://www.runt.gov.co/directorio-de-actores,http://www.cdalavirgen.com/
cda-bucaramanga-cda-practimoto-a012246d4f,CDA PRACTIMOTO,CARRERA 17 58-36,Bucaramanga,Santander,Colombia,CDA,901213767,6327777,7.1060943603515625,-73.11930084228516,confirmed_business,0.96,business,overture_maps_2026-06-17,Overture 0054475e-2605-4c87-8589-5011cad38b10; nombre y dirección coinciden; nombre=CDA PractiMoto; dirección=Carrera 17 58-36; score_nombre=1.000; confianza_fuente=0.951; web=https://g.co/kgs/1QgVJxo,38.6,within_100m,https://www.runt.gov.co/directorio-de-actores,https://g.co/kgs/1QgVJxo
cda-bucaramanga-cda-revitec-la-61-efa103beaf,CDA REVITEC LA 61,CL 61 # 17- E- 38 LA CEIBA,Bucaramanga,Santander,Colombia,CDA,900121415,3168757299,7.104629993438721,-73.11805725097656,confirmed_address,0.908,address,overture_maps_2026-06-17,Overture e21afdb4-5f2f-4788-a640-49aa7ae6150b; dirección exacta coincide; nombre=Cúrcuma Restaurante; dirección=Calle 61 17-38; score_nombre=0.350; confianza_fuente=0.701; web=http://WWW.HOTELLEONDORADO.CO/,250.6,within_750m,https://www.runt.gov.co/directorio-de-actores,http://WWW.HOTELLEONDORADO.CO/
cda-bucaramanga-cda-revitec-la-rosita-3ff2a780a7,CDA REVITEC LA ROSITA,AV LA ROSITA 25 # 25 53 BARRIO BOLIVAR,Bucaramanga,Santander,Colombia,CDA,901229714,3168757299,7.119312286376953,-73.1169204711914,confirmed_business,0.9536,business,overture_maps_2026-06-17,Overture ddd3623d-e039-4eeb-b393-79de24896cbd; nombre comercial muy fuerte; nombre=CDA La Rosita; dirección=Avenida La Rosita 25-53; score_nombre=0.920; confianza_fuente=0.967; web=http://www.cdalarosita.com/; dirección RUNT y lugar comercial difieren,,anchor_not_available,https://www.runt.gov.co/directorio-de-actores,http://www.cdalarosita.com/
cda-bucaramanga-cda-supercar-la-central-58c3f5ce82,CDA SUPERCAR LA CENTRAL,VIA PALENQUE 44 112 ACCESO A LOTE,Bucaramanga,Santander,Colombia,CDA,901171195,6768090,7.102719783782959,-73.16580200195312,approximate_not_confirmed,0.5,nearby_address_landmark,overture_maps_2026-06-17,"RUNT indica Vía Palenque 44-112. Se usa como ancla el lugar Overture 'IPS La Central', dirección Palenque Café Madrid-98, en el mismo sector; no confirma el negocio.",,anchor_not_available,https://www.runt.gov.co/directorio-de-actores,https://docs.overturemaps.org/getting-data/
cda-bucaramanga-centro-de-diagnostico-automotor-de-la-di-aec6693e01,CENTRO DE DIAGNOSTICO AUTOMOTOR DE LA DIRECCION DE TRANSITO DE BUCARAMANGA,KM 4 AUTOPISTA BUCARAMANGA - GIRON,Bucaramanga,Santander,Colombia,CDA,890204109,6809641,7.128506660461426,-73.1269760131836,confirmed_business,0.96,business,overture_maps_2026-06-17,"Overture be5a3bd1-1abb-4aa1-bb96-de468dbf75b4; nombre comercial muy fuerte; nombre=CDA  Direccion de Transito de Bucaramanga; dirección=Kilómetro 4 Via Girón - Bucaramanga, Santander - Colombia.; score_nombre=1.000; confianza_fuente=0.784; web=https://www.transitobucaramanga.gov.co/cda-oficina.php; dirección RUNT y lugar comercial difieren",,anchor_not_available,https://www.runt.gov.co/directorio-de-actores,https://www.transitobucaramanga.gov.co/cda-oficina.php
cda-bucaramanga-centro-de-diagnostico-automotor-la-27-co-06acd49f7f,CENTRO DE DIAGNOSTICO AUTOMOTOR LA 27 CON 34,CALLE 34 # 26 - 103,Bucaramanga,Santander,Colombia,CDA,900870492,6978355 3168311111,7.1231363000000005,-73.11912570000001,approximate_not_confirmed,0.58,street_intersection,openstreetmap_road_network,Se prioriza la dirección RUNT mediante road_intersection:calle 34/carrera 26; el lugar comercial overture_maps_2026-06-17 quedó a 1125 m y no coincidió por teléfono.,0.0,within_100m,https://www.runt.gov.co/directorio-de-actores,https://www.openstreetmap.org/copyright
cda-bucaramanga-centro-de-diagnostico-automotor-puerta-d-3280643fe0,CENTRO DE DIAGNOSTICO AUTOMOTOR PUERTA DEL SOL,CARRERA 27 NO.63 - 29,Bucaramanga,Santander,Colombia,CDA,900400721,6477454,7.105195999145508,-73.11338806152344,confirmed_business,0.9536,business,overture_maps_2026-06-17,Overture d7358713-9e36-4f69-a55d-58484bceea2e; teléfono RUNT coincide; nombre=Cda Puerta Del Sol Técnico Mecánica; dirección=Carrera 29-27; score_nombre=0.920; confianza_fuente=0.935; web=http://www.cdapuertadelsol.com/; dirección RUNT y lugar comercial difieren,52.2,within_100m,https://www.runt.gov.co/directorio-de-actores,http://www.cdapuertadelsol.com/
cda-bucaramanga-centro-de-diagnostico-automotor-santande-9d34b603ca,CENTRO DE DIAGNOSTICO AUTOMOTOR SANTANDER S A S,BLV BOLIVAR 15 88 - CARRERA 16 # 12 - 26,Bucaramanga,Santander,Colombia,CDA,901463948,3158882800,7.151209831237793,-73.13294219970703,confirmed_business,0.9112,business,overture_maps_2026-06-17,Overture 8db5a387-7f36-46b7-9617-c0166852d92e; teléfono RUNT coincide; nombre=Cda Santander ; dirección=Carrera 12 12 N-26; score_nombre=0.390; confianza_fuente=0.291; web=https://cdasantander.com/; dirección RUNT y lugar comercial difieren,,anchor_not_available,https://www.runt.gov.co/directorio-de-actores,https://cdasantander.com/
cda-bucaramanga-centro-de-diagnostico-automotriz-tecnofu-f34d196e88,CENTRO DE DIAGNOSTICO AUTOMOTRIZ TECNOFULL LA 9,AVENIDA QUEBRADA SECA # 11 48,Bucaramanga,Santander,Colombia,CDA,901091901,3153289114,7.120919227600098,-73.13113403320312,confirmed_business,0.9536,business,overture_maps_2026-06-17,Overture 0ea90037-fba9-4ee2-8afc-8b46da8fba95; nombre comercial muy fuerte; nombre=Revision Tecnico Mecanica CDA Tecnofull La 9; dirección=Avenida Quebrada Seca 11-48; score_nombre=0.920; confianza_fuente=0.845; web=https://cdatecnofullla9.com/; dirección RUNT y lugar comercial difieren,38.1,within_100m,https://www.runt.gov.co/directorio-de-actores,https://cdatecnofullla9.com/
cda-bucaramanga-certificado-nacional-tecnico-mecanico-s--843db4ff32,CERTIFICADO NACIONAL TECNICO MECANICO S.A,VIA GIRON KM 2,Bucaramanga,Santander,Colombia,CDA,804017188,6076319999,7.090671062469482,-73.1283187866211,confirmed_business,0.78,business,overture_maps_2026-06-17,Overture da50d5b2-c0c4-472b-a32a-74d228e6082b coincide por nombre con Certificado Nacional Tecnicomecánico y localidad Bucaramanga; el punto no aporta dirección ni teléfono para confirmar la sede al máximo nivel.,,anchor_not_available,https://www.runt.gov.co/directorio-de-actores,https://docs.overturemaps.org/getting-data/
cda-bucaramanga-certificado-nacional-tecnomecancio-s-a-77b42de2c1,CERTIFICADO NACIONAL TECNOMECANCIO S.A,CARRERA 19 NO 18 50 78 Y CALLE 19 NO 18 33,Bucaramanga,Santander,Colombia,CDA,804017188,6370212,7.139265060424805,-73.12921905517578,confirmed_business,0.941953488372093,business,overture_maps_2026-06-17,Overture 18c0772f-9ec9-48de-9eb3-6270ada3f8a4; nombre y cuadra coinciden; nombre=CDA La 19 Certificado Nacional TecnoMecánico S.A.; dirección=Carrera 19 # 18 - 50; score_nombre=0.774; confianza_fuente=0.850; web=http://cntcolombia.com/,,anchor_not_available,https://www.runt.gov.co/directorio-de-actores,http://cntcolombia.com/
cda-bucaramanga-certificado-nacional-tecnomecanico-s-a-8bfeb956e4,CERTIFICADO NACIONAL TECNOMECANICO S.A.,CARRERA 21 # 47 23,Bucaramanga,Santander,Colombia,CDA,804017188,6370212,7.090647220611572,-73.12823486328125,confirmed_business,0.9536,business,overture_maps_2026-06-17,Overture f7f45ced-a862-4e12-8c3a-7ce2dbaeb37d; nombre comercial muy fuerte; nombre=Certificado Nacional TecnoMecánico S.A. - CDA CNT Girón - Revisión Técnico Mecánica; dirección=Km 2 Autopista Giron - Bucaramanga; score_nombre=0.920; confianza_fuente=0.850; web=https://cntcolombia.com/; dirección RUNT y lugar comercial difieren,,anchor_not_available,https://www.runt.gov.co/directorio-de-actores,https://cntcolombia.com/
cda-bucaramanga-tecnico-mecanica-la-27-37da48969b,TECNICO MECANICA LA 27,CARRERA 27 # 48-58,Bucaramanga,Santander,Colombia,CDA,900947586,6076058114,7.116115570068359,-73.11534881591797,confirmed_business,0.96,business,overture_maps_2026-06-17,"Overture ubica 'Técnico mecánica la 27' exactamente en Carrera 27 48-58, coincidiendo con nombre y dirección RUNT; se descarta otra sede asociada al mismo teléfono en Floridablanca.",69.5,within_100m,https://www.runt.gov.co/directorio-de-actores,https://docs.overturemaps.org/getting-data/
cea-bucaramanga-academia-tecnica-de-conductores-practi-c-c3406e00e2,ACADEMIA TECNICA DE CONDUCTORES PRACTI-CAR,CARRERA 36 NO 42 - 07 BARRIO EL PRADO,Bucaramanga,Santander,Colombia,CEA,63517827,6327777,7.121363639831543,-73.10953521728516,confirmed_address,0.9088,address,overture_maps_2026-06-17,Overture 06ee9b11-0314-47b6-8718-05840dc1ca62; dirección exacta coincide; nombre=Cea PractiCar; dirección=Carrera 36 42-07; score_nombre=0.360; confianza_fuente=0.812; web=https://atom.bio/ceapracticar,15.1,within_100m,https://www.runt.gov.co/directorio-de-actores,https://atom.bio/ceapracticar
cea-bucaramanga-autoaprender-s-a-s-d822f050d0,AUTOAPRENDER S.A.S.,AVENIDA QUEBRADA SECA # 33-24,Bucaramanga,Santander,Colombia,CEA,901066264,6914665,7.129549503326416,-73.11524963378906,confirmed_business,0.96,business,overture_maps_2026-06-17,Overture 48fc9f1e-1ea0-420f-aa93-fb75f1351a83; nombre comercial muy fuerte; nombre=Autoaprender S.A.S; dirección=Avenida Quebradaseca 33-24; score_nombre=1.000; confianza_fuente=0.611; web=https://www.autoaprender.com/; dirección RUNT y lugar comercial difieren,99.6,within_100m,https://www.runt.gov.co/directorio-de-actores,https://www.autoaprender.com/
cea-bucaramanga-c-e-a-auto-oriente-de7ec8c4aa,C.E.A AUTO ORIENTE,CR 23 55 19,Bucaramanga,Santander,Colombia,CEA,901517095,3155680575,7.10975,-73.11514,confirmed_address,0.82,address_interpolation,overture_maps_2026-06-17,RUNT indica Carrera 23 55-19. Se interpola entre anclas Overture de Carrera 23 55-13 y 55-28; se descarta un lugar asociado por teléfono a más de 4 km y con dirección incompatible.,20.6,within_100m,https://www.runt.gov.co/directorio-de-actores,https://docs.overturemaps.org/getting-data/
cea-bucaramanga-cea-al-volante-la-27-7a66faeef3,CEA AL VOLANTE LA 27,CARRERA 27 NUMERO 34 - 08,Bucaramanga,Santander,Colombia,CEA,901400583,3017957095,7.122202150726384,-73.11662652631051,approximate_not_confirmed,0.55,street_interpolation,openstreetmap_local_interpolation,"Interpolación en carrera 27 entre (21.0, 70.0) y (36.0, 7.0); no confirma el negocio.",101.6,within_250m,https://www.runt.gov.co/directorio-de-actores,https://www.openstreetmap.org/copyright
cea-bucaramanga-cea-autoaprender-s-a-s-d6b391cfa9,CEA AUTOAPRENDER S.A.S.,AVENIDA QUEBRADASECA NO 32 - 03,Bucaramanga,Santander,Colombia,CEA,1098643687,6914665,7.129549503326416,-73.11524963378906,confirmed_business,0.96,business,overture_maps_2026-06-17,Overture 48fc9f1e-1ea0-420f-aa93-fb75f1351a83; nombre comercial muy fuerte; nombre=Autoaprender S.A.S; dirección=Avenida Quebradaseca 33-24; score_nombre=1.000; confianza_fuente=0.611; web=https://www.autoaprender.com/; dirección RUNT y lugar comercial difieren,,anchor_not_available,https://www.runt.gov.co/directorio-de-actores,https://www.autoaprender.com/
cea-bucaramanga-cea-colsetrans-041d74e3eb,CEA COLSETRANS,CARRERA 27 NO 104 25 LA CALLEJA,Bucaramanga,Santander,Colombia,CEA,5653166,6369221,7.08951615,-73.10891735,approximate_not_confirmed,0.58,street_intersection,openstreetmap_road_network,Se prioriza la dirección RUNT mediante road_intersection:carrera 27/calle 104; el lugar comercial geoapify quedó a 5528 m y no coincidió por teléfono.,0.0,within_100m,https://www.runt.gov.co/directorio-de-actores,https://www.openstreetmap.org/copyright
cea-bucaramanga-cea-luz-marina-bohorquez-de-gamboa-d54982fcef,CEA LUZ MARINA BOHORQUEZ DE GAMBOA,CRA 30 NO 19-56,Bucaramanga,Santander,Colombia,CEA,63287437,6452465,7.130372524261475,-73.1173324584961,confirmed_business,0.9536,business,overture_maps_2026-06-17,Overture 2ef34b38-9457-4b77-be4f-991af24eabd6; teléfono RUNT coincide; nombre=Academia Automovilistica Luz Marina Bohorquez; dirección=Carrera 30 19-56; score_nombre=0.920; confianza_fuente=0.286; web=http://www.cealuzmarinabohorquez.amawebs.com,69.1,within_100m,https://www.runt.gov.co/directorio-de-actores,http://www.cealuzmarinabohorquez.amawebs.com
cea-bucaramanga-cea-manejando-bucaramanga-55c16c929c,CEA MANEJANDO BUCARAMANGA,CARRERA 34 NO 52 - 21,Bucaramanga,Santander,Colombia,CEA,900784960,6909746,7.1130475997924805,-73.1097412109375,confirmed_address,0.8999384615384616,address,overture_maps_2026-06-17,Overture 2cbcfdb6-4296-41d8-afb8-d2417af83360; dirección exacta coincide; nombre=Gonzalez Mebarak y Consultores Juridicos; dirección=Carrera 34 52-21; score_nombre=0.249; confianza_fuente=0.608; web=http://www.gonzalezmebarak.com/,,anchor_not_available,https://www.runt.gov.co/directorio-de-actores,http://www.gonzalezmebarak.com/
cea-bucaramanga-cea-manejar-96b119a7fa,CEA MANEJAR,CALLE 32 28 - 73 BARRIO LA AURORA,Bucaramanga,Santander,Colombia,CEA,900357750,6832500,7.120311260223389,-73.11607360839844,confirmed_business,0.96,business,overture_maps_2026-06-17,Overture 91bb6e90-9d82-43a5-8c47-2835715246fc; teléfono RUNT coincide; nombre=CRC Manejar; dirección=Carrera 27 37-49; score_nombre=1.000; confianza_fuente=0.262; dirección RUNT y lugar comercial difieren,,anchor_not_available,https://www.runt.gov.co/directorio-de-actores,https://docs.overturemaps.org/getting-data/
cea-bucaramanga-ceapromover-s-a-s-e38bd2da54,CEAPROMOVER S.A.S,CALLE 20 23 37 BRR SAN FRANCISCO,Bucaramanga,Santander,Colombia,CEA,901546581,3163747877,7.129137992858887,-73.12245178222656,confirmed_business,0.9346206896551724,business,overture_maps_2026-06-17,Overture bc784616-fdfa-4556-afb7-6714cb260acb; teléfono RUNT coincide; nombre=Cea promover; dirección=Calle 20 #23-37; score_nombre=0.683; confianza_fuente=0.531; web=https://ceapromover.com/,,anchor_not_available,https://www.runt.gov.co/directorio-de-actores,https://ceapromover.com/
cea-bucaramanga-centro-de-ensenanza-automovilistica-auto-fbb20141ed,CENTRO DE ENSEÑANZA AUTOMOVILISTICA AUTO SANTANDER,CALLE 36 NO 28 13 PISO 2 INTERIOR 1 BARRIO MEJORAS PUBLICAS,Bucaramanga,Santander,Colombia,CEA,91277509,6352547,7.128196716308594,-73.12010192871094,confirmed_business,0.9536,business,overture_maps_2026-06-17,Overture 5bdc96f7-6e31-40ae-96ac-c1f984ebe5f9; nombre comercial muy fuerte; nombre=Auto Bucaramanga CEA; dirección=Carrera 24 21-48; score_nombre=0.920; confianza_fuente=0.917; web=http://www.autobucaramangacea.com/; dirección RUNT y lugar comercial difieren,,anchor_not_available,https://www.runt.gov.co/directorio-de-actores,http://www.autobucaramangacea.com/
cea-bucaramanga-centro-de-ensenanza-automovilistica-auto-25a4449a7d,CENTRO DE ENSEÑANZA AUTOMOVILISTICA AUTOBUCARAMANGA,BOULEVAR BOLIVAR # 25 - 71 LOCAL 101,Bucaramanga,Santander,Colombia,CEA,901894117,3173676066,7.128269195556641,-73.12054443359375,confirmed_address,0.82,address_neighbour,overture_maps_2026-06-17,"RUNT indica Bulevar Bolívar 25-71. Overture bd035f53-7db2-4276-8cdb-0f7d93c1fe52 ubica Bulevar Bolívar 25-64, número contiguo en el mismo frente vial.",,anchor_not_available,https://www.runt.gov.co/directorio-de-actores,https://docs.overturemaps.org/getting-data/
cea-bucaramanga-centro-de-ensenanza-automovilistica-auto-5a9b7a4993,CENTRO DE ENSEÑANZA AUTOMOVILISTICA AUTOEDUCAR,CRA 36 N 34 35 BARRIO EL PRADO,Bucaramanga,Santander,Colombia,CEA,901452218,3167602975,7.1258764,-73.1103698,approximate_not_confirmed,0.58,street_intersection,openstreetmap_road_network,Se prioriza la dirección RUNT mediante road_intersection:carrera 36/calle 34; el lugar comercial overture_maps_2026-06-17 quedó a 1596 m y no coincidió por teléfono.,0.0,within_100m,https://www.runt.gov.co/directorio-de-actores,https://www.openstreetmap.org/copyright
cea-bucaramanga-centro-de-ensenanza-automovilistica-auto-9a9cc5e79e,CENTRO DE ENSEÑANZA AUTOMOVILISTICA AUTORUEDA,CALLE 21 # 22 - 27 LOCAL 1,Bucaramanga,Santander,Colombia,CEA,901858465,6076959304,7.128042907835259,-73.12328297441822,approximate_not_confirmed,0.55,street_interpolation,openstreetmap_local_interpolation,"Interpolación en calle 21 entre (18.0, 32.0) y (24.0, 5.0); no confirma el negocio.",25.0,within_100m,https://www.runt.gov.co/directorio-de-actores,https://www.openstreetmap.org/copyright
cea-bucaramanga-centro-de-ensenanza-automovilistica-baro-a9f546371c,CENTRO DE ENSEÑANZA AUTOMOVILISTICA BARON S.A.S,CARRERA 26 N 30 16,Bucaramanga,Santander,Colombia,CEA,901355885,6992415,7.135779857635498,-73.12159729003906,confirmed_business,0.9536,business,overture_maps_2026-06-17,Overture d556f50a-4f04-4cc4-ad63-496282777cdb; nombre comercial muy fuerte; nombre=Cea Barón; dirección=Carrera 26-16; score_nombre=0.920; confianza_fuente=0.938; dirección RUNT y lugar comercial difieren,,anchor_not_available,https://www.runt.gov.co/directorio-de-actores,https://docs.overturemaps.org/getting-data/
cea-bucaramanga-centro-de-ensenanza-automovilistica-cea--182b3d4cc7,CENTRO DE ENSEÑANZA AUTOMOVILISTICA CEA CONDUCTORES S.A.S,CRA 33 # 48-66 PISO 2,Bucaramanga,Santander,Colombia,CEA,900431047,6577484,7.1165956,-73.1111001,approximate_not_confirmed,0.58,street_intersection,openstreetmap_road_network,Se prioriza la dirección RUNT mediante road_intersection:carrera 33/calle 48; el lugar comercial overture_maps_2026-06-17 quedó a 788 m y no coincidió por teléfono.,0.0,within_100m,https://www.runt.gov.co/directorio-de-actores,https://www.openstreetmap.org/copyright
cea-bucaramanga-centro-de-ensenanza-automovilistica-fesp-28a88cb9ce,CENTRO DE ENSEÑANZA AUTOMOVILISTICA FESPVIAL,CALLE 44 # 29 A - 38,Bucaramanga,Santander,Colombia,CEA,900501621,6960101,7.120028495788574,-73.11211395263672,confirmed_address,0.8933333333333333,address,overture_maps_2026-06-17,Overture e9391302-b925-471a-ba4a-b591e9f2ee4b; dirección exacta coincide; nombre=Otsu Sushi; dirección=Calle 44 29A-38; score_nombre=0.167; confianza_fuente=0.246; web=https://www.instagram.com/otsusushibga?igsh=MXFweXMzN3ppc2JoMA%3D%3D&utm_source=qr,,anchor_not_available,https://www.runt.gov.co/directorio-de-actores,https://www.instagram.com/otsusushibga?igsh=MXFweXMzN3ppc2JoMA%3D%3D&utm_source=qr
cea-bucaramanga-centro-de-ensenanza-automovilistica-orie-dac8c19d12,CENTRO DE ENSEÑANZA AUTOMOVILISTICA ORIENTE VIAL,CALLE 105 26-23 BARRIO PROVENZA,Bucaramanga,Santander,Colombia,CEA,901520535,3202340894,7.087851229734675,-73.10932635004575,approximate_not_confirmed,0.55,street_interpolation,openstreetmap_local_interpolation,"Interpolación en calle 105 entre (25.0, 0.0) y (26.0, 93.0); no confirma el negocio.",92.0,within_100m,https://www.runt.gov.co/directorio-de-actores,https://www.openstreetmap.org/copyright
cea-bucaramanga-centro-superior-de-conduccion-csc-s-a-s-0b99b17229,CENTRO SUPERIOR DE CONDUCCION CSC S.A.S,CARRERA 28 NO 56 - 46,Bucaramanga,Santander,Colombia,CEA,900342855,6991970,7.1081767082214355,-73.11190795898438,confirmed_business,0.9536,business,overture_maps_2026-06-17,Overture 196b1350-8301-4414-a714-b6e6e899ef1f; nombre comercial muy fuerte; nombre=Centro Superior de Conduccion; dirección=Calle 59 30-22; score_nombre=0.920; confianza_fuente=0.954; web=http://www.superiordeconduccion.co/; dirección RUNT y lugar comercial difieren,,anchor_not_available,https://www.runt.gov.co/directorio-de-actores,http://www.superiordeconduccion.co/
cea-bucaramanga-centro-tecnico-de-ensenanza-automovilist-5706393b8e,CENTRO TECNICO DE ENSEÑANZA AUTOMOVILISTICA AUTO RANDY,CARRERA 27 NO. 12-30,Bucaramanga,Santander,Colombia,CEA,13809739,6455697,7.135591600000001,-73.12010877499999,approximate_not_confirmed,0.55,street_interpolation,openstreetmap_local_interpolation,"Interpolación en carrera 27 entre (12.0, 27.0) y (12.0, 31.0); no confirma el negocio.",77.8,within_100m,https://www.runt.gov.co/directorio-de-actores,https://www.openstreetmap.org/copyright
cea-bucaramanga-condusan-bucaramanga-s-a-s-4645fd86d8,CONDUSAN BUCARAMANGA .S.A.S,CL 56 27 05 15,Bucaramanga,Santander,Colombia,CEA,901538523,6890080,7.10904598236084,-73.1149673461914,confirmed_address,0.9270769230769231,address,overture_maps_2026-06-17,Overture fd269009-a063-46f3-b54d-a2805e447f59; dirección exacta coincide; nombre=Grúas en bucaramanga rueda; dirección=Calle 56 27-05; score_nombre=0.588; confianza_fuente=0.393; web=https://gruasbucaramanga.com/,71.0,within_100m,https://www.runt.gov.co/directorio-de-actores,https://gruasbucaramanga.com/
cea-bucaramanga-cooperativa-de-instructores-de-automovil-914897bfaa,COOPERATIVA DE INSTRUCTORES DE AUTOMOVILISMO DE SANTANDER,CARRERA 25 34-57 BARRIO ANTONIA SANTOS,Bucaramanga,Santander,Colombia,CEA,800188808,6076518822,7.1216941,-73.1185412,confirmed_address,0.81,building,geoapify,"Candidato previo aceptado; país=Colombia, municipio=Manizales y precisión suficiente.",81.3,within_100m,https://www.runt.gov.co/directorio-de-actores,https://www.geoapify.com/geocoding-api/
cea-bucaramanga-ensenanza-automovilistica-galvis-e8fd9eaee9,ENSEÑANZA AUTOMOVILISTICA GALVIS,CARRERA 20 NO.19- 21,Bucaramanga,Santander,Colombia,CEA,1136880920,6422037,7.1293645,-73.125533,approximate_not_confirmed,0.62,street_intersection,openstreetmap_road_network,Cruce colombiano carrera 20 con calle 19; separación de vías=0.0 m; no confirma el negocio.,0.0,within_100m,https://www.runt.gov.co/directorio-de-actores,https://www.openstreetmap.org/copyright
cea-bucaramanga-escuela-auto-class-6cd1dd509d,ESCUELA AUTO CLASS,CARRERA 21 Nº 17 - 17,Bucaramanga,Santander,Colombia,CEA,1098645747,6349950,7.1311662,-73.1243412,confirmed_address,0.93,address,openstreetmap_overpass,OSM way/1485569491; dirección exacta carrera 21 17-17,0.0,within_100m,https://www.runt.gov.co/directorio-de-actores,https://www.openstreetmap.org/way/1485569491
cea-bucaramanga-escuela-de-automovilismo-karen-principal-6a5c716631,ESCUELA DE AUTOMOVILISMO KAREN PRINCIPAL,CALLE 58 NO 32 - 98 BARRIO CONUCOS,Bucaramanga,Santander,Colombia,CEA,900643551,6471768,7.108983039855957,-73.10987854003906,confirmed_business,0.9536,business,overture_maps_2026-06-17,Overture ed4dceae-242e-4bf2-8415-01e7647dfa04; nombre comercial muy fuerte; nombre=Karen Enseñanza; dirección=Carrera 33 51-58; score_nombre=0.920; confianza_fuente=0.923; web=http://www.karen.com.co/; dirección RUNT y lugar comercial difieren,117.2,within_250m,https://www.runt.gov.co/directorio-de-actores,http://www.karen.com.co/
cea-bucaramanga-escuela-de-automovilismo-victor-s-a-s-f3708e90f6,ESCUELA DE AUTOMOVILISMO VICTOR S.A.S,CARRERA 36 #53-20 BARRIO CABECERA,Bucaramanga,Santander,Colombia,CEA,900027740,6322260,7.111851692199707,-73.10795593261719,confirmed_business,0.97,business,overture_maps_2026-06-17,"Overture ubica Victor E.U Racing School exactamente en Carrera 36 53-20, coincidiendo con la dirección RUNT; se descarta la antigua/diferente sede asociada al teléfono.",27.9,within_100m,https://www.runt.gov.co/directorio-de-actores,https://docs.overturemaps.org/getting-data/
cea-bucaramanga-escuela-de-automovilismo-y-motociclismo--347d217ca9,ESCUELA DE AUTOMOVILISMO Y MOTOCICLISMO SUZUKI,CARRERA 27 # 16 - 50 BARRIO SAN FRANCISCO,Bucaramanga,Santander,Colombia,CEA,37832081,6457859,7.129599571228027,-73.11959838867188,confirmed_business,0.9536,business,overture_maps_2026-06-17,Overture d38f2ed8-b47d-4f02-bdd7-4c0371d582fb; nombre comercial muy fuerte; nombre=Suzuki; dirección=Carrera 27-20; score_nombre=0.920; confianza_fuente=0.432; dirección RUNT y lugar comercial difieren,390.5,within_750m,https://www.runt.gov.co/directorio-de-actores,https://docs.overturemaps.org/getting-data/
cea-bucaramanga-escuela-de-automovilismo-alvarez-y-o-cen-b04785f311,ESCUELA DE AUTOMOVILÍSMO ÁLVAREZ Y/O CENTRO DE ENSEÑANZA,CALLE 50 NO. 23-23,Bucaramanga,Santander,Colombia,CEA,13822734,6572021,7.1140641,-73.1169412,approximate_not_confirmed,0.58,street_intersection,openstreetmap_road_network,Se prioriza la dirección RUNT mediante road_intersection:calle 50/carrera 23; el lugar comercial overture_maps_2026-06-17 quedó a 1494 m y no coincidió por teléfono.,0.0,within_100m,https://www.runt.gov.co/directorio-de-actores,https://www.openstreetmap.org/copyright
cia-bucaramanga-a-gas-vehicular-gnv-s-a-s-d9cf69a8ae,A GAS VEHICULAR GNV S.A.S,CARRERA 17 20 34 BARRIO SAN FRANCISCO,Bucaramanga,Santander,Colombia,CIA,901146188,6959350,7.127658843994141,-73.12786102294922,confirmed_business,0.9536,business,overture_maps_2026-06-17,Overture 6f410be3-e381-4528-bad8-9ad2a3f54ef1; dirección exacta coincide; nombre=A Gas Vehicular GNV; dirección=Carrera 17 20-34; score_nombre=0.920; confianza_fuente=0.908; web=http://www.agasvehicular.com/,,anchor_not_available,https://www.runt.gov.co/directorio-de-actores,http://www.agasvehicular.com/
cia-bucaramanga-casa-carcel-del-oriente-colombiano-sas-d11fad5b7b,CASA CARCEL DEL ORIENTE COLOMBIANO SAS,CRA 19 NO. 28-48 BARRIO ALARCON,Bucaramanga,Santander,Colombia,CIA,900785861,3219975438,7.123306739953504,-73.12449808083693,approximate_not_confirmed,0.55,street_interpolation,openstreetmap_local_interpolation,"Interpolación en carrera 19 entre (22.0, 3.0) y (34.0, 47.0); no confirma el negocio.",180.0,within_250m,https://www.runt.gov.co/directorio-de-actores,https://www.openstreetmap.org/copyright
cia-bucaramanga-centro-integral-de-atencion-autoriente-046df37c3c,CENTRO INTEGRAL DE ATENCION AUTORIENTE,CARRERA 23 # 55-06B BARRIO BOLARQUI,Bucaramanga,Santander,Colombia,CIA,901938549,3164112499,7.1099303,-73.1151832,approximate_not_confirmed,0.62,street_intersection,openstreetmap_road_network,Cruce colombiano carrera 23 con calle 55; separación de vías=0.0 m; no confirma el negocio.,0.0,within_100m,https://www.runt.gov.co/directorio-de-actores,https://www.openstreetmap.org/copyright
cia-bucaramanga-centro-integral-de-atencion-vial-cia-buc-616b8a7b8e,CENTRO INTEGRAL DE ATENCION VIAL CIA BUCARAMANGA SAS,CL62 #17E -103 PISO 2,Bucaramanga,Santander,Colombia,CIA,900496856,0,7.1049131,-73.1157561,approximate_not_confirmed,0.62,street_intersection,openstreetmap_road_network,Cruce colombiano calle 62 con carrera 17e; separación de vías=0.0 m; no confirma el negocio.,0.0,within_100m,https://www.runt.gov.co/directorio-de-actores,https://www.openstreetmap.org/copyright
cia-bucaramanga-cia-global-bucaramanga-88688721c3,CIA GLOBAL BUCARAMANGA,CALLE 62 # 17 E 85,Bucaramanga,Santander,Colombia,CIA,901661058,3138910432,7.1049131,-73.1157561,approximate_not_confirmed,0.62,street_intersection,openstreetmap_road_network,Cruce colombiano calle 62 con carrera 17e; separación de vías=0.0 m; no confirma el negocio.,0.0,within_100m,https://www.runt.gov.co/directorio-de-actores,https://www.openstreetmap.org/copyright
cia-bucaramanga-cia-group-bucarmanga-9a400d628e,CIA GROUP BUCARMANGA,CALLE 33 # 22 - 66,Bucaramanga,Santander,Colombia,CIA,901851673,3222879738,7.122302647122201,-73.1214065356677,approximate_not_confirmed,0.55,street_interpolation,openstreetmap_local_interpolation,"Interpolación en calle 33 entre (22.0, 2.0) y (29.0, 56.0); no confirma el negocio.",24.0,within_100m,https://www.runt.gov.co/directorio-de-actores,https://www.openstreetmap.org/copyright
cia-bucaramanga-cia-los-santanderes-61511f037f,CIA LOS SANTANDERES,AVDA LA ROSITA # 25-53 PISO DOS BARRIO BOLIVAR,Bucaramanga,Santander,Colombia,CIA,901685525,3168757299,7.119405269622803,-73.11687469482422,confirmed_business,0.96,business,overture_maps_2026-06-17,Overture ed72044f-0678-47f5-bb4f-c5c33df24925; nombre comercial muy fuerte; nombre=CIA Los Santanderes; dirección=Avenida La Rosita 25-53; score_nombre=1.000; confianza_fuente=0.447; dirección RUNT y lugar comercial difieren,,anchor_not_available,https://www.runt.gov.co/directorio-de-actores,https://docs.overturemaps.org/getting-data/
cia-bucaramanga-cia-oriencol-sas-7ddade2283,CIA ORIENCOL SAS,CALLE 29 # 19 - 33 LOCAL 6,Bucaramanga,Santander,Colombia,CIA,900785861,3102280922,7.1241554,-73.1249937,approximate_not_confirmed,0.62,street_intersection,openstreetmap_road_network,Cruce colombiano calle 29 con carrera 19; separación de vías=0.0 m; no confirma el negocio.,0.0,within_100m,https://www.runt.gov.co/directorio-de-actores,https://www.openstreetmap.org/copyright
cia-bucaramanga-cia-practicar-ab1d21c204,CIA PRACTICAR,CALLE 42 # 36 - 10 LOCAL 2,Bucaramanga,Santander,Colombia,CIA,901822430,3165000027,7.1214896,-73.1095868,approximate_not_confirmed,0.62,street_intersection,openstreetmap_road_network,Cruce colombiano calle 42 con carrera 36; separación de vías=0.0 m; no confirma el negocio.,0.0,within_100m,https://www.runt.gov.co/directorio-de-actores,https://www.openstreetmap.org/copyright
cia-bucaramanga-educia-bucaramanga-9d83b91b4b,EDUCIA BUCARAMANGA,CARRERA 36 # 53 - 08,Bucaramanga,Santander,Colombia,CIA,901743156,3023889953,7.1120992,-73.1079151,approximate_not_confirmed,0.62,street_intersection,openstreetmap_road_network,Cruce colombiano carrera 36 con calle 53; separación de vías=0.0 m; no confirma el negocio.,0.0,within_100m,https://www.runt.gov.co/directorio-de-actores,https://www.openstreetmap.org/copyright
cia-bucaramanga-vialseg-bucaramanga-791eb9d099,VIALSEG BUCARAMANGA,KILOMETRO 4 # 40 - 86,Bucaramanga,Santander,Colombia,CIA,901534525,3013356611,7.083869934082031,-73.14527130126953,approximate_not_confirmed,0.38,route_landmark,overture_maps_2026-06-17,La dirección RUNT 'Kilómetro 4 #40-86' no identifica la vía. Se usa como ancla conservadora el punto Overture del CDA de la Dirección de Tránsito en Kilómetro 4 Vía Girón-Bucaramanga; no confirma VIALSEG.,,anchor_not_available,https://www.runt.gov.co/directorio-de-actores,https://docs.overturemaps.org/getting-data/
crc-bucaramanga-acerca-crc-santander-s-a-a257cd6a7a,ACERCA CRC SANTANDER S.A.,CARRERA 27 A # 48 - 118 BARRIO SOTOMAYOR,Bucaramanga,Santander,Colombia,CRC,900114134,6434079,7.1166,-73.1141524,approximate_not_confirmed,0.62,street_intersection,openstreetmap_road_network,Cruce colombiano carrera 27a con calle 48; separación de vías=0.0 m; no confirma el negocio.,0.0,within_100m,https://www.runt.gov.co/directorio-de-actores,https://www.openstreetmap.org/copyright
crc-bucaramanga-c-r-c-manejar-s-a-s-484a3dd6ac,C.R.C. MANEJAR S.A.S.,CARRERA 27 # 37 - 49,Bucaramanga,Santander,Colombia,CRC,901212696,6904806,7.120311260223389,-73.11607360839844,confirmed_business,0.9536,business,overture_maps_2026-06-17,Overture 91bb6e90-9d82-43a5-8c47-2835715246fc; nombre y dirección coinciden; nombre=CRC Manejar; dirección=Carrera 27 37-49; score_nombre=0.920; confianza_fuente=0.262,,anchor_not_available,https://www.runt.gov.co/directorio-de-actores,https://docs.overturemaps.org/getting-data/
crc-bucaramanga-centro-de-reconocimiento-de-conductores--840fe7d149,CENTRO DE RECONOCIMIENTO DE CONDUCTORES AM CONDUCTORES,CALLE 17 NO 26 61,Bucaramanga,Santander,Colombia,CRC,900669989,6833395,7.132238388061523,-73.12027740478516,confirmed_business,0.96,business,overture_maps_2026-06-17,Overture 5b6cc731-d150-40f3-9a43-9301e0f051f0; nombre y dirección coinciden; nombre=CRC AM Conductores; dirección=Calle 17 26-61; score_nombre=1.000; confianza_fuente=0.607,60.1,within_100m,https://www.runt.gov.co/directorio-de-actores,https://docs.overturemaps.org/getting-data/
crc-bucaramanga-centro-de-reconocimiento-de-conductores--b022f54891,CENTRO DE RECONOCIMIENTO DE CONDUCTORES CERTIFICA MEDICAL GROUP CRC S.A.S,CALLE 41 # 27 A - 25,Bucaramanga,Santander,Colombia,CRC,901640417,3134595274,7.119814395904541,-73.11483764648438,confirmed_business,0.9536,business,overture_maps_2026-06-17,Overture 195c6030-ce5f-4b4f-acfb-e8ddc631bf49; dirección exacta coincide; nombre=Certifica Medical Group; dirección=Calle 41 27A-25; score_nombre=0.920; confianza_fuente=0.137; web=https://certificamedicalgroup.com/,27.9,within_100m,https://www.runt.gov.co/directorio-de-actores,https://certificamedicalgroup.com/
crc-bucaramanga-centro-de-reconocimiento-de-conductores--725930af04,CENTRO DE RECONOCIMIENTO DE CONDUCTORES EVALUANDO BUCARAMANGA,CARRERA 34 NO. 52-62,Bucaramanga,Santander,Colombia,CRC,900082226,6471531,7.112847328186035,-73.10953521728516,confirmed_address,0.9045106382978724,address,overture_maps_2026-06-17,Overture db3c403c-be09-43d8-b01d-d36955a8de56; dirección exacta coincide; nombre=Quality Odontologia Especializada; dirección=Carrera 34 52-62; score_nombre=0.306; confianza_fuente=0.969; web=http://www.qualityodontologia.com.co/,,anchor_not_available,https://www.runt.gov.co/directorio-de-actores,http://www.qualityodontologia.com.co/
crc-bucaramanga-centro-de-reconocimiento-de-conductores--9b6c53e427,CENTRO DE RECONOCIMIENTO DE CONDUCTORES ICSA S.A.,CALLE 39 # 22 - 48,Bucaramanga,Santander,Colombia,CRC,800210191,6350707,7.118342876434326,-73.11943054199219,confirmed_business,0.9536,business,overture_maps_2026-06-17,Overture a059399f-50d0-4795-95ae-19c58a19d7ff; teléfono RUNT coincide; nombre=ICSA; dirección=Calle 39 22-54; score_nombre=0.920; confianza_fuente=0.936; web=http://www.icsa.com.co/; dirección RUNT y lugar comercial difieren,,anchor_not_available,https://www.runt.gov.co/directorio-de-actores,http://www.icsa.com.co/
crc-bucaramanga-conduexam-bucaramanga-572f518a38,CONDUEXAM BUCARAMANGA,CARRERA 36 # 53 - 16,Bucaramanga,Santander,Colombia,CRC,901742860,3023889953,7.1120992,-73.1079151,approximate_not_confirmed,0.62,street_intersection,openstreetmap_road_network,Cruce colombiano carrera 36 con calle 53; separación de vías=0.0 m; no confirma el negocio.,0.0,within_100m,https://www.runt.gov.co/directorio-de-actores,https://www.openstreetmap.org/copyright
crc-bucaramanga-confia-crc-cabecera-8f0c05094e,CONFIA CRC CABECERA,CARRERA 32 # 49 68 BARRIO ANTIGUO CAMPESTRE BUCARAMANGA SANTANDER COLOMBIA,Bucaramanga,Santander,Colombia,CRC,900205284,6473956 6850868,7.114387035369873,-73.10782623291016,confirmed_business,0.9536,business,overture_maps_2026-06-17,Overture 973c0f07-2aeb-40e2-9f92-5a9b47ea70ec; nombre comercial muy fuerte; nombre=IPS Cabecera; dirección=Carrera 37 51-86; score_nombre=0.920; confianza_fuente=0.982; web=http://www.ipscabecera.com/; dirección RUNT y lugar comercial difieren,,anchor_not_available,https://www.runt.gov.co/directorio-de-actores,http://www.ipscabecera.com/
crc-bucaramanga-crc-a-prueba-valledupar-no-1-fa7d115e67,CRC A-PRUEBA VALLEDUPAR No. 1,CALLE 32 NO 27 - 73,Bucaramanga,Santander,Colombia,CRC,830120285,3002316970,7.1247676,-73.1178899,approximate_not_confirmed,0.62,street_intersection,openstreetmap_road_network,Cruce colombiano calle 32 con carrera 27; separación de vías=0.0 m; no confirma el negocio.,0.0,within_100m,https://www.runt.gov.co/directorio-de-actores,https://www.openstreetmap.org/copyright
crc-bucaramanga-crc-la-27-1919bfbe8d,CRC LA 27,CARRERA 27 # 34 - 26 BARRIO ANTONIA SANTOS,Bucaramanga,Santander,Colombia,CRC,901399957,3242072202,7.122193967878423,-73.11662252177145,approximate_not_confirmed,0.55,street_interpolation,openstreetmap_local_interpolation,"Interpolación en carrera 27 entre (21.0, 70.0) y (36.0, 7.0); no confirma el negocio.",102.6,within_250m,https://www.runt.gov.co/directorio-de-actores,https://www.openstreetmap.org/copyright
crc-bucaramanga-crc-medicar-s-s-a-s-91fe5259ed,CRC MEDICAR´S S.A.S,CALLE 42 NO. 36 - 10 PISO 3,Bucaramanga,Santander,Colombia,CRC,900663305,6343500,7.1214896,-73.1095868,approximate_not_confirmed,0.62,street_intersection,openstreetmap_road_network,Cruce colombiano calle 42 con carrera 36; separación de vías=0.0 m; no confirma el negocio.,0.0,within_100m,https://www.runt.gov.co/directorio-de-actores,https://www.openstreetmap.org/copyright
crc-bucaramanga-crc-simetric-santander-23ae590077,CRC SIMETRIC SANTANDER,KR 33 #38-17-19-23-27,Bucaramanga,Santander,Colombia,CRC,800248545,4053236,7.1225986,-73.1121531,approximate_not_confirmed,0.62,street_intersection,openstreetmap_road_network,Cruce colombiano carrera 33 con calle 38; separación de vías=0.0 m; no confirma el negocio.,0.0,within_100m,https://www.runt.gov.co/directorio-de-actores,https://www.openstreetmap.org/copyright
crc-bucaramanga-crc-super-salud-la-central-28f22b1241,CRC SUPER SALUD LA CENTRAL,VIA PALENQUE CAFE MADRID # 44 - 112,Bucaramanga,Santander,Colombia,CRC,901385307,6768090,7.102719783782959,-73.16580200195312,confirmed_business,0.9536,business,overture_maps_2026-06-17,Overture a6693f9f-7196-4de8-ac1b-76c049d4e05e; nombre comercial muy fuerte; nombre=IPS La Central; dirección=Palenque Cafe Madrid-98; score_nombre=0.920; confianza_fuente=0.681; web=https://ipslacentral.com/; dirección RUNT y lugar comercial difieren,,anchor_not_available,https://www.runt.gov.co/directorio-de-actores,https://ipslacentral.com/
crc-bucaramanga-efisaludriesgos-profesionales-sas-290627130b,EFISALUDRIESGOS PROFESIONALES SAS,CALLE 49 N 27A 65 PISO 6,Bucaramanga,Santander,Colombia,CRC,804009739,6577529,7.115832328796387,-73.11368560791016,confirmed_business,0.9080975609756098,business,overture_maps_2026-06-17,Overture a302a3e6-339b-4188-9ba8-9a010b653383; teléfono RUNT coincide; nombre=Efisalud; dirección=Calle 49 27A-65; score_nombre=0.351; confianza_fuente=0.796; web=http://www.efisalud.com/,,anchor_not_available,https://www.runt.gov.co/directorio-de-actores,http://www.efisalud.com/
crc-bucaramanga-mts-medicina-trabajo-y-seguridad-i-p-s-s-0ba7e60bd9,MTS MEDICINA TRABAJO Y SEGURIDAD I.P.S. S.A.S.,CALLE 41 # 24 - 77 BARRIO BOLIVAR,Bucaramanga,Santander,Colombia,CRC,900374091,6320435,7.109224796295166,-73.11209869384766,confirmed_business,0.9536,business,overture_maps_2026-06-17,"Overture 417b9ef0-16de-4bab-9b98-f5e824f172b8; nombre comercial muy fuerte; nombre=Medicina Integral IPS; dirección=La Isla, Carrera 23 55-75; score_nombre=0.920; confianza_fuente=0.372; web=http://www.dradianacobos.com/; dirección RUNT y lugar comercial difieren",,anchor_not_available,https://www.runt.gov.co/directorio-de-actores,http://www.dradianacobos.com/
crc-bucaramanga-ocupasalud-s-a-s-1b40f43414,OCUPASALUD S.A.S,AVENIDA QUEBRADA SECA NO. 32A 89,Bucaramanga,Santander,Colombia,CRC,900454102,6832775,7.1300096,-73.1145274,approximate_not_confirmed,0.62,street_intersection,openstreetmap_road_network,Cruce colombiano avenida quebrada seca con carrera 32a; separación de vías=0.0 m; no confirma el negocio.,0.0,within_100m,https://www.runt.gov.co/directorio-de-actores,https://www.openstreetmap.org/copyright
crc-bucaramanga-salud-vial-centro-de-reconocimiento-de-c-d93b69035b,SALUD VIAL CENTRO DE RECONOCIMIENTO DE CONDUCTORES,CALLE 58 NO. 30-85,Bucaramanga,Santander,Colombia,CRC,900107546,6477016,7.1087735,-73.1122324,approximate_not_confirmed,0.58,street_intersection,openstreetmap_road_network,Se prioriza la dirección RUNT mediante road_intersection:calle 58/carrera 30; el lugar comercial overture_maps_2026-06-17 quedó a 3559 m y no coincidió por teléfono.,0.0,within_100m,https://www.runt.gov.co/directorio-de-actores,https://www.openstreetmap.org/copyright
crc-bucaramanga-saoc-ss-s-a-s-d4dc029813,SAOC´SS S.A.S,CALLE 36 # 31-39 LOCAL 125 BARRIO MEJORAS PUBLICAS,Bucaramanga,Santander,Colombia,CRC,900347699,3164281766,7.124078273773193,-73.11356353759766,confirmed_business,0.9236363636363636,business,overture_maps_2026-06-17,Overture 49d442d3-daa2-4875-b010-2e56fe9eb3df; teléfono RUNT coincide; nombre=Viva Salud IPS S.A.S; dirección=Calle 36 31-39; score_nombre=0.545; confianza_fuente=0.926; web=http://www.saocss.com/,29.4,within_100m,https://www.runt.gov.co/directorio-de-actores,http://www.saocss.com/
crc-bucaramanga-servisalud-ips-bucaramanga-39847fa218,SERVISALUD IPS BUCARAMANGA,CARRERA 33 NO. 48-66,Bucaramanga,Santander,Colombia,CRC,804001159,6472080,7.115819931030273,-73.11100769042969,confirmed_address,0.91168,address,overture_maps_2026-06-17,Overture 4512bca3-533b-4028-9820-0aea09173df7; dirección exacta coincide; nombre=Froosty Fruits and Cream; dirección=Carrera 33 48-66; score_nombre=0.396; confianza_fuente=0.568; web=http://wwwfroostyfruitscream.com/,86.9,within_100m,https://www.runt.gov.co/directorio-de-actores,http://wwwfroostyfruitscream.com/
crc-bucaramanga-simetric-bucaramanga-7db4ecd8e5,SIMETRIC BUCARAMANGA,CR. 33 NO 52-40,Bucaramanga,Santander,Colombia,CRC,800248545,,7.1131704,-73.110403,approximate_not_confirmed,0.62,street_intersection,openstreetmap_road_network,Cruce colombiano carrera 33 con calle 52; separación de vías=0.0 m; no confirma el negocio.,0.0,within_100m,https://www.runt.gov.co/directorio-de-actores,https://www.openstreetmap.org/copyright
crc-bucaramanga-vitaltest-ips-bucaramanga-c21a5809bb,VITALTEST IPS BUCARAMANGA,CALLE 54 # 35A - 11 BARRIO CABECERA,Bucaramanga,Santander,Colombia,CRC,900669739,3165204653,7.1113345,-73.1083426,approximate_not_confirmed,0.62,street_intersection,openstreetmap_road_network,Cruce colombiano calle 54 con carrera 35a; separación de vías=0.0 m; no confirma el negocio.,0.0,within_100m,https://www.runt.gov.co/directorio-de-actores,https://www.openstreetmap.org/copyright
cda-floridablanca-cda-autopista-floridablanca-cd84d1314d,CDA AUTOPISTA FLORIDABLANCA,CARRERA 31 # 114 140 Y CARRERA 31 # 114 156,Floridablanca,Santander,Colombia,CDA,901243620,3173713928,7.086040019989014,-73.10710906982422,confirmed_business,0.9536,business,overture_maps_2026-06-17,Overture 1700de6b-7701-4880-b262-827fd61dab4f; nombre comercial muy fuerte; nombre=CDA Autopista; dirección=Carrera 32 114-140; score_nombre=0.920; confianza_fuente=0.919; web=https://www.tecnicomecanica.co/shops/cda-autopista-bucaramanga; dirección RUNT y lugar comercial difieren,,anchor_not_available,https://www.runt.gov.co/directorio-de-actores,https://www.tecnicomecanica.co/shops/cda-autopista-bucaramanga
cda-floridablanca-cda-motocicletas-parque-caracoli-a6ec9b6320,CDA MOTOCICLETAS PARQUE CARACOLI,CALLE 29 NO. 11-96 LAGOS I,Floridablanca,Santander,Colombia,CDA,901373274,6058136,7.072511196136475,-73.10435485839844,confirmed_business,0.96,business,overture_maps_2026-06-17,Overture c5e5629c-5841-48c9-91dd-caf04a3c750b; nombre y dirección coinciden; nombre=CDA Motocicletas Parque Caracoli; dirección=Calle 29 11-96; score_nombre=1.000; confianza_fuente=0.869; web=https://www.cdamotocicletasparquecaracoli.com/,36.0,within_100m,https://www.runt.gov.co/directorio-de-actores,https://www.cdamotocicletasparquecaracoli.com/
cda-floridablanca-cda-motos-floridablanca-cc3ad11e6e,CDA MOTOS FLORIDABLANCA,CALLE 9 NO 8 - 51 53,Floridablanca,Santander,Colombia,CDA,900997751,3173713928,7.059852123260498,-73.08499145507812,confirmed_business,0.96,business,overture_maps_2026-06-17,Overture c413164c-a881-4823-97e7-fa9bb951378a; nombre y dirección coinciden; nombre=CDA Motos Floridablanca; dirección=Calle 9 8-51; score_nombre=1.000; confianza_fuente=0.925; web=https://www.instagram.com/cdamotosfloridablanca?igsh=YTBkeTN0dTVlaWEz,31.8,within_100m,https://www.runt.gov.co/directorio-de-actores,https://www.instagram.com/cdamotosfloridablanca?igsh=YTBkeTN0dTVlaWEz
cda-floridablanca-cda-villabel-5177beabe6,CDA VILLABEL,CARRERA 11 NO 16-20,Floridablanca,Santander,Colombia,CDA,900947586,6076058114,7.0775783,-73.1012055,approximate_not_confirmed,0.62,street_intersection,openstreetmap_road_network,Cruce colombiano carrera 11 con calle 16; separación de vías=0.0 m; no confirma el negocio.,0.0,within_100m,https://www.runt.gov.co/directorio-de-actores,https://www.openstreetmap.org/copyright
cda-floridablanca-centro-de-diagnostico-automotor-la-guada-671104c70b,CENTRO DE DIAGNOSTICO AUTOMOTOR LA GUADALUPANA,CARRERA 6 6 34 BARRIO SANTA ANA LOCAL 101,Floridablanca,Santander,Colombia,CDA,901865674,3174291003,7.0615429,-73.0875175,approximate_not_confirmed,0.62,street_intersection,openstreetmap_road_network,Cruce colombiano carrera 6 con calle 6; separación de vías=0.0 m; no confirma el negocio.,0.0,within_100m,https://www.runt.gov.co/directorio-de-actores,https://www.openstreetmap.org/copyright
cda-floridablanca-centro-diagnostico-automotor-canaveral-744dea7c0b,CENTRO DIAGNOSTICO AUTOMOTOR CAÑAVERAL,DIAGONAL 31 # 29- 153 LOCAL 2,Floridablanca,Santander,Colombia,CDA,901430151,3157803433,7.1112230499999995,-73.1130934,approximate_not_confirmed,0.5,street_intersection,openstreetmap_road_network,Cruce colombiano diagonal 31 con carrera 29; separación de vías=70.5 m; no confirma el negocio.,0.0,within_100m,https://www.runt.gov.co/directorio-de-actores,https://www.openstreetmap.org/copyright
cda-floridablanca-diagnosticentros-de-colombia-s-a-s-509647b9eb,DIAGNOSTICENTROS DE COLOMBIA S.A.S.,CALLE 111 # 32 - 64 BARRIO EL DORADO,Floridablanca,Santander,Colombia,CDA,900947586,6076058114,7.0887046,-73.1058313,approximate_not_confirmed,0.62,street_intersection,openstreetmap_road_network,Cruce colombiano calle 111 con carrera 32; separación de vías=0.0 m; no confirma el negocio.,0.0,within_100m,https://www.runt.gov.co/directorio-de-actores,https://www.openstreetmap.org/copyright
cea-floridablanca-cea-grupo-empresarial-karen-sas-1cdf56fce1,CEA GRUPO EMPRESARIAL KAREN SAS,AUT FLORIDABLANCA 147 78 LC 15 ETAPA I CONJUNTO MULTIF CERROS CAMPESTRE PH,Floridablanca,Santander,Colombia,CEA,901481508,3153850156,7.077871799468994,-73.10834503173828,confirmed_business,0.904,business,overture_maps_2026-06-17,Overture 0806df54-5ceb-42ca-b24c-0c92fd30f3fa; teléfono RUNT coincide; nombre=Crc Certikar la florida; dirección=Calle 147 25-88; score_nombre=0.300; confianza_fuente=0.541; web=https://wa.link/ija1r4; dirección RUNT y lugar comercial difieren,,anchor_not_available,https://www.runt.gov.co/directorio-de-actores,https://wa.link/ija1r4
cea-floridablanca-centro-de-ensenanza-automovilistica-metr-b1c9496900,CENTRO DE ENSENANZA AUTOMOVILISTICA METROPOLITANA,CARRERA 8 # 9 - 06 PISO 2 LOCAL 201 Y PISO 3 LOCAL 302 BARRIO CASCO ANTIGUO,Floridablanca,Santander,Colombia,CEA,901830637,3134229125,7.0599229,-73.0852705,approximate_not_confirmed,0.62,street_intersection,openstreetmap_road_network,Cruce colombiano carrera 8 con calle 9; separación de vías=0.0 m; no confirma el negocio.,0.0,within_100m,https://www.runt.gov.co/directorio-de-actores,https://www.openstreetmap.org/copyright
cea-floridablanca-centro-de-ensenanza-autogalvis-floridabl-b42b6f16a9,CENTRO DE ENSEÑANZA AUTOGALVIS FLORIDABLANCA,CARRERA 8 # 8 - 39,Floridablanca,Santander,Colombia,CEA,1020773469,6816302,7.080949,-73.0998108,approximate_not_confirmed,0.62,street_intersection,openstreetmap_road_network,Cruce colombiano carrera 8 con calle 8; separación de vías=0.0 m; no confirma el negocio.,0.0,within_100m,https://www.runt.gov.co/directorio-de-actores,https://www.openstreetmap.org/copyright
cea-floridablanca-centro-de-ensenanza-automovilistica-auto-14f1c633c6,CENTRO DE ENSEÑANZA AUTOMOVILISTICA AUTOCAÑAVERAL,CALLE 31A N 26-16 BARRIO CAÑAVERAL,Floridablanca,Santander,Colombia,CEA,901468508,3142827140,7.069642066955566,-73.10491180419922,confirmed_business,0.96,business,overture_maps_2026-06-17,Overture 7be338e4-f473-4577-8e62-8783bb81d0e3; dirección exacta coincide; nombre=Enseñanza AutoCañaveral; dirección=Calle 31A 26-16; score_nombre=1.000; confianza_fuente=0.882,60.7,within_100m,https://www.runt.gov.co/directorio-de-actores,https://docs.overturemaps.org/getting-data/
cea-floridablanca-centro-de-ensenanza-automovilistica-avan-9dd8959c1d,CENTRO DE ENSEÑANZA AUTOMOVILISTICA AVANZAR VIAL FLORIDA,CRA 8 N. 4-58 PISO 2,Floridablanca,Santander,Colombia,CEA,901775648,3183889673,7.061346054077148,-73.08586883544922,confirmed_business,0.96,business,overture_maps_2026-06-17,Overture 7d94336c-4acd-484a-b7b7-fb4d478338fc; nombre comercial muy fuerte; nombre=CEA Avanzar Vial Florida ; dirección=Carrera 8 5-58; score_nombre=1.000; confianza_fuente=0.284; dirección RUNT y lugar comercial difieren,,anchor_not_available,https://www.runt.gov.co/directorio-de-actores,https://docs.overturemaps.org/getting-data/
cea-floridablanca-centro-de-ensenanza-automovilistica-zona-5e2d26beef,CENTRO DE ENSEÑANZA AUTOMOVILISTICA ZONA VIAL FLORIDAD E.U.,CALLE 9 NO.8-38,Floridablanca,Santander,Colombia,CEA,900341156,6489815,7.0599229,-73.0852705,approximate_not_confirmed,0.58,street_intersection,openstreetmap_road_network,Se prioriza la dirección RUNT mediante road_intersection:calle 9/carrera 8; el lugar comercial overture_maps_2026-06-17 quedó a 1321 m y no coincidió por teléfono.,0.0,within_100m,https://www.runt.gov.co/directorio-de-actores,https://www.openstreetmap.org/copyright
cea-floridablanca-centro-de-ensenanza-de-automovilismo-kar-31929dbf6c,CENTRO DE ENSEÑANZA DE AUTOMOVILISMO KAREN SUR,EDIFICIO EQUILIBRIO AUTOPISTA FLORIDABLANCA LOCAL 18,Floridablanca,Santander,Colombia,CEA,91277912,6392406,7.0781755447387695,-73.1083755493164,confirmed_address,0.8,business_complex,overture_maps_2026-06-17,"RUNT indica Edificio Equilibrio, Autopista Floridablanca, local 18. Overture 04f63a55-45bb-49b1-bb8c-b2839f18a99a ubica un local del mismo complejo/puente de Equilibrio en Autopista Floridablanca 147-24.",,anchor_not_available,https://www.runt.gov.co/directorio-de-actores,https://docs.overturemaps.org/getting-data/
cea-floridablanca-condusan-d137eb717c,CONDUSAN,CARRERA 8 NO 8 37 BARRIO CENTRO,Floridablanca,Santander,Colombia,CEA,37864946,3138514933,7.06036376953125,-73.08537292480469,confirmed_business,0.94,business,overture_maps_2026-06-17,"Overture confirma CEA Condusan mediante nombre, teléfono RUNT y sitio oficial en el centro de Floridablanca; la dirección comercial Carrera 8A es compatible con el entorno inmediato de Carrera 8 #8-37.",,anchor_not_available,https://www.runt.gov.co/directorio-de-actores,https://docs.overturemaps.org/getting-data/
cea-floridablanca-escuela-de-automovilismo-florida-a4c7cf2dba,ESCUELA DE AUTOMOVILISMO FLORIDA,CALLE 9 NO 7 47 APARTAMENTO 101 BARRIO CASCO ANTIGUO,Floridablanca,Santander,Colombia,CEA,91265260,6388888,7.0598320960998535,-73.0855712890625,confirmed_address,0.9169908256880734,address,overture_maps_2026-06-17,Overture ae2d5d04-40c3-42db-b7c2-01b31163538c; dirección exacta coincide; nombre=Escuela de Conducción CEA Autoflorida | Licencia de Conducción en Floridablanca; dirección=Calle 9 #7-47; score_nombre=0.462; confianza_fuente=0.972; web=https://linktr.ee/autoflorida_1990,,anchor_not_available,https://www.runt.gov.co/directorio-de-actores,https://linktr.ee/autoflorida_1990
cea-floridablanca-grupo-empresarial-jdto-s-a-s-f17ba91649,GRUPO EMPRESARIAL JDTO S.A.S,CARRERA 8 N° 8 - 39,Floridablanca,Santander,Colombia,CEA,900591922,6816302,7.080949,-73.0998108,approximate_not_confirmed,0.62,street_intersection,openstreetmap_road_network,Cruce colombiano carrera 8 con calle 8; separación de vías=0.0 m; no confirma el negocio.,0.0,within_100m,https://www.runt.gov.co/directorio-de-actores,https://www.openstreetmap.org/copyright
cea-floridablanca-instituto-tecnico-para-formacion-de-cond-f896076a7c,INSTITUTO TECNICO PARA FORMACION DE CONDUCTORES ''ENSEÑARTE'',CALLE 33 # 26 - 63,Floridablanca,Santander,Colombia,CEA,901433831,3178874553,7.0686336,-73.1045909,approximate_not_confirmed,0.62,street_intersection,openstreetmap_road_network,Cruce colombiano calle 33 con carrera 26; separación de vías=0.0 m; no confirma el negocio.,0.0,within_100m,https://www.runt.gov.co/directorio-de-actores,https://www.openstreetmap.org/copyright
cia-floridablanca-aspecor-s-a-s-centro-integral-de-a-tenci-c1d2c7f0c1,ASPECOR S.A.S. CENTRO INTEGRAL DE A TENCION,CALLE 9 NR.8- 39 BARRIO CENTRO FLOROIDABLANC,Floridablanca,Santander,Colombia,CIA,900393464,3154101329,7.05998420715332,-73.08499908447266,confirmed_business,0.9536,business,overture_maps_2026-06-17,Overture 01741f9c-b4ac-4ed8-b88c-012d58372c77; nombre comercial muy fuerte; nombre=Aspecor Centro Integral de Atención; dirección=Calle 9 9A-39; score_nombre=0.920; confianza_fuente=0.745; web=https://www.aspecor.com/acerca-de-nosotros/; dirección RUNT y lugar comercial difieren,,anchor_not_available,https://www.runt.gov.co/directorio-de-actores,https://www.aspecor.com/acerca-de-nosotros/
cia-floridablanca-centro-integral-de-atencion-vial-cia-flo-b0cc121954,CENTRO INTEGRAL DE ATENCION VIAL CIA FLORIDABLANCA SAS,CRA 8 N 9 06- PISO 2,Floridablanca,Santander,Colombia,CIA,900496856,0,7.0599229,-73.0852705,approximate_not_confirmed,0.62,street_intersection,openstreetmap_road_network,Cruce colombiano carrera 8 con calle 9; separación de vías=0.0 m; no confirma el negocio.,0.0,within_100m,https://www.runt.gov.co/directorio-de-actores,https://www.openstreetmap.org/copyright
cia-floridablanca-cia-doble-via-74e7aa05df,CIA DOBLE VIA,AUTOPISTA FLORIDABLANCA # 147 - 84,Floridablanca,Santander,Colombia,CIA,901776323,3153850156,7.077871799468994,-73.10834503173828,confirmed_business,0.904,business,overture_maps_2026-06-17,Overture 0806df54-5ceb-42ca-b24c-0c92fd30f3fa; teléfono RUNT coincide; nombre=Crc Certikar la florida; dirección=Calle 147 25-88; score_nombre=0.300; confianza_fuente=0.541; web=https://wa.link/ija1r4; dirección RUNT y lugar comercial difieren,,anchor_not_available,https://www.runt.gov.co/directorio-de-actores,https://wa.link/ija1r4
cia-floridablanca-cia-global-floridablanca-e320c2c64a,CIA GLOBAL FLORIDABLANCA,CRA 8 #8 -65 LOCAL 101,Floridablanca,Santander,Colombia,CIA,901661058,3138910432,7.080949,-73.0998108,approximate_not_confirmed,0.62,street_intersection,openstreetmap_road_network,Cruce colombiano carrera 8 con calle 8; separación de vías=0.0 m; no confirma el negocio.,0.0,within_100m,https://www.runt.gov.co/directorio-de-actores,https://www.openstreetmap.org/copyright
cia-floridablanca-cia-ivelcor-floridablanca-e756b820a9,CIA IVELCOR FLORIDABLANCA,CARRERA 9 NO 8-05 BARRIO CENTRO,Floridablanca,Santander,Colombia,CIA,900819620,3208728118,7.0609333,-73.0848448,approximate_not_confirmed,0.62,street_intersection,openstreetmap_road_network,Cruce colombiano carrera 9 con calle 8; separación de vías=0.0 m; no confirma el negocio.,0.0,within_100m,https://www.runt.gov.co/directorio-de-actores,https://www.openstreetmap.org/copyright
crc-floridablanca-c-r-c-adn-conductores-s-a-s-76ac1fc55e,C.R.C ADN CONDUCTORES S.A.S,CLL 9 N. 7-49,Floridablanca,Santander,Colombia,CRC,900649581,3177894625,7.059811592102051,-73.0855712890625,confirmed_business,0.9412765957446808,business,overture_maps_2026-06-17,Overture 9948bb8d-5a4e-4f77-bf97-961d7d564a65; teléfono RUNT coincide; nombre=ADN Conductores S.AS; dirección=Cl. 9 #7-49; score_nombre=0.766; confianza_fuente=0.313,,anchor_not_available,https://www.runt.gov.co/directorio-de-actores,https://docs.overturemaps.org/getting-data/
crc-floridablanca-centro-de-reconocimiento-de-conductores--01b1fb3407,CENTRO DE RECONOCIMIENTO DE CONDUCTORES EVALUANDO FLORIDABLANCA,CARRERA 8 NO. 9-06 PISO 3,Floridablanca,Santander,Colombia,CRC,900082226,6480223,7.0599229,-73.0852705,approximate_not_confirmed,0.62,street_intersection,openstreetmap_road_network,Cruce colombiano carrera 8 con calle 9; separación de vías=0.0 m; no confirma el negocio.,0.0,within_100m,https://www.runt.gov.co/directorio-de-actores,https://www.openstreetmap.org/copyright
crc-floridablanca-centro-de-reconocimiento-de-conductores--9994455cbb,CENTRO DE RECONOCIMIENTO DE CONDUCTORES EVALUANDO SANTANDER,CARRERA 8 # 9-08 PISO 1,Floridablanca,Santander,Colombia,CRC,900078700,3144132940,7.0599229,-73.0852705,approximate_not_confirmed,0.62,street_intersection,openstreetmap_road_network,Cruce colombiano carrera 8 con calle 9; separación de vías=0.0 m; no confirma el negocio.,0.0,within_100m,https://www.runt.gov.co/directorio-de-actores,https://www.openstreetmap.org/copyright
crc-floridablanca-certikar-la-florida-362a409b73,CERTIKAR LA FLORIDA,AUTOPISTA FLORIDABLANCA # 147-8 LOCAL 17 EDIFICIO CERROS DEL CAMPESTRE,Floridablanca,Santander,Colombia,CRC,900537385,3153850156,7.077871799468994,-73.10834503173828,confirmed_business,0.96,business,overture_maps_2026-06-17,Overture 0806df54-5ceb-42ca-b24c-0c92fd30f3fa; teléfono RUNT coincide; nombre=Crc Certikar la florida; dirección=Calle 147 25-88; score_nombre=1.000; confianza_fuente=0.541; web=https://wa.link/ija1r4; dirección RUNT y lugar comercial difieren,,anchor_not_available,https://www.runt.gov.co/directorio-de-actores,https://wa.link/ija1r4
crc-floridablanca-crc-floridablanca-6c0e03fbcf,CRC FLORIDABLANCA,CARRERA 8 NO 8 - 27 PISO 2 - 3,Floridablanca,Santander,Colombia,CRC,900645560,6183857,7.080949,-73.0998108,approximate_not_confirmed,0.62,street_intersection,openstreetmap_road_network,Cruce colombiano carrera 8 con calle 8; separación de vías=0.0 m; no confirma el negocio.,0.0,within_100m,https://www.runt.gov.co/directorio-de-actores,https://www.openstreetmap.org/copyright
crc-floridablanca-servisalud-ips-floridablanca-b6bd5ae008,SERVISALUD IPS FLORIDABLANCA,CARRERA 8 NO. 9-02,Floridablanca,Santander,Colombia,CRC,804001159,6483676,7.0599229,-73.0852705,approximate_not_confirmed,0.62,street_intersection,openstreetmap_road_network,Cruce colombiano carrera 8 con calle 9; separación de vías=0.0 m; no confirma el negocio.,0.0,within_100m,https://www.runt.gov.co/directorio-de-actores,https://www.openstreetmap.org/copyright
cda-giron-cda-giron-s-a-s-acef737773,CDA GIRÓN S.A.S.,CRA 18 AUTOPISTA PALENQUE FLORIDABLANCA LOTE LA CASTILLA,Giron,Santander,Colombia,CDA,901140142,3164642508,7.068711280822754,-73.16770935058594,confirmed_business,0.9536,business,overture_maps_2026-06-17,Overture ec7c5112-4034-4ba3-add2-6e9acf2b61ee; nombre comercial muy fuerte; nombre=Yamaha Serramotos Giron S.A.S; dirección=Carrera 23-86; score_nombre=0.920; confianza_fuente=0.873; web=https://yamahaserramotosgiron.com/; dirección RUNT y lugar comercial difieren,,anchor_not_available,https://www.runt.gov.co/directorio-de-actores,https://yamahaserramotosgiron.com/
cda-giron-cda-itg-s-a-s-33ef2f6e52,CDA ITG S.A.S,CALLE 25 NO. 21B-207 VILLA CAMPESTRE,Giron,Santander,Colombia,CDA,900473803,6594030,7.06363,-73.168838,confirmed_address,1.0,building,geoapify,"Candidato previo aceptado; país=Colombia, municipio=Manizales y precisión suficiente.",,anchor_not_available,https://www.runt.gov.co/directorio-de-actores,https://www.geoapify.com/geocoding-api/
cda-giron-centro-de-diagnostico-automotriz-cda-rev-cabfa47c6a,CENTRO DE DIAGNOSTICO AUTOMOTRIZ CDA REVITEC S.A.,CARRERA 17 AUTOPISTA PALENQUE CHIMITA NO 59 - 91,Giron,Santander,Colombia,CDA,900088581,6760022,7.0823417,-73.17028865,approximate_not_confirmed,0.46,route_intersection,openstreetmap_road_network,Punto vial conservador en el sector de Carrera 17 y Autopista Chimitá/Palenque indicado por RUNT; la red abierta no permite confirmar el número 59-91 ni el negocio.,,anchor_not_available,https://www.runt.gov.co/directorio-de-actores,https://www.openstreetmap.org/copyright
cea-giron-academia-de-conduccion-los-coches-eb437676a6,ACADEMIA DE CONDUCCION LOS COCHES,CARRERE 23 N 36 24 GIRÓN (SANTANDER),Giron,Santander,Colombia,CEA,30203992,6464049,7.0707349,-73.168146,approximate_not_confirmed,0.62,street_intersection,openstreetmap_road_network,Cruce colombiano carrera 23 con calle 36; separación de vías=0.0 m; no confirma el negocio.,0.0,within_100m,https://www.runt.gov.co/directorio-de-actores,https://www.openstreetmap.org/copyright
cea-giron-cea-aprender-s-a-s-917f7550f8,CEA APRENDER S.A.S.,CALLE 58 # 8 - 55 LOCAL 15 CENTRO COMERCIAL E INDUSTRIAL GARIBALDI,Giron,Santander,Colombia,CEA,900439549,6914180,7.084198951721191,-73.15579986572266,confirmed_address,0.86,business_complex,overture_maps_2026-06-17,RUNT ubica el establecimiento en el Centro Comercial e Industrial Garibaldi. Overture 03da32ef-c86d-44dd-af10-deba63948916 confirma el Centro Empresarial Garibaldi Km 6.,,anchor_not_available,https://www.runt.gov.co/directorio-de-actores,https://docs.overturemaps.org/getting-data/
cea-giron-cea-galvis-giron-e1740d3197,CEA GALVIS GIRON,CALLE 58 # 4 - 71 OFICINA 204,Giron,Santander,Colombia,CEA,901779635,3174239019,7.064530849456787,-73.16629791259766,confirmed_business,0.9536,business,overture_maps_2026-06-17,"Overture fde098b9-8a28-4ca6-b597-f3e6575a099e; nombre comercial muy fuerte; nombre=Enseñanza Giron; dirección=Av. Los Caneyes #21b-203, local 2; score_nombre=0.920; confianza_fuente=0.850; web=https://mitransito.com/; dirección RUNT y lugar comercial difieren",,anchor_not_available,https://www.runt.gov.co/directorio-de-actores,https://mitransito.com/
cea-giron-centro-de-ensenanza-automovilistica-auto-7db8517885,CENTRO DE ENSEÑANZA AUTOMOVILISTICA AUTOGIRON,CARRERA 21 E NO 22 A 10 BARRIO VILLA CAMPESTRE,Giron,Santander,Colombia,CEA,901369645,3183889673,7.064743518829346,-73.16714477539062,confirmed_address,0.78,neighbourhood_address,overture_maps_2026-06-17,"RUNT indica Carrera 21E 22A-10, Villa Campestre. Overture 28cea374-77fc-4cfa-b95f-e80daf239547 ubica Carrera 21A 25-20 dentro de Villa Campestre; se descarta un punto comercial Overture fuera del área urbana.",,anchor_not_available,https://www.runt.gov.co/directorio-de-actores,https://docs.overturemaps.org/getting-data/
cea-giron-centro-de-ensenanza-automovilistica-giro-acb0f37b5a,CENTRO DE ENSEÑANZA AUTOMOVILISTICA GIRON - CEA GIRON,CALLE 25 N 21B-203,Giron,Santander,Colombia,CEA,804017205,6076590256,7.064530849456787,-73.16629791259766,confirmed_business,0.96,business,overture_maps_2026-06-17,"Overture fde098b9-8a28-4ca6-b597-f3e6575a099e; nombre comercial muy fuerte; nombre=Enseñanza Giron; dirección=Av. Los Caneyes #21b-203, local 2; score_nombre=1.000; confianza_fuente=0.850; web=https://mitransito.com/; dirección RUNT y lugar comercial difieren",,anchor_not_available,https://www.runt.gov.co/directorio-de-actores,https://mitransito.com/
cea-giron-centro-de-ensenanza-automovilistica-henr-8604e1daed,CENTRO DE ENSEÑANZA AUTOMOVILISTICA HENRY GIRON S.A.S,CALLE 39 23 89 BARRIO POBLADO,Giron,Santander,Colombia,CEA,900420028,3167536316,7.072999000549316,-73.16804504394531,confirmed_business,0.9536,business,overture_maps_2026-06-17,Overture db402476-d473-4b9b-95a3-fbe34e0cef57; teléfono RUNT coincide; nombre=CEA Henry Girón SAS; dirección=Calle 39 23-89; score_nombre=0.920; confianza_fuente=0.525,,anchor_not_available,https://www.runt.gov.co/directorio-de-actores,https://docs.overturemaps.org/getting-data/
cea-giron-centro-de-ensenanza-automovilistica-san--b354b75834,CENTRO DE ENSEÑANZA AUTOMOVILISTICA SAN NICOLAS,CALLE 32 N° 26 - 35,Giron,Santander,Colombia,CEA,900695202,6464364,7.0689,-73.17018,confirmed_address,0.84,address_interpolation,overture_maps_2026-06-17,"RUNT indica Calle 32 #26-35 en Girón. Se interpola entre anclas Overture de la misma Calle 32, números 24 y 27; se descarta la intersección homónima ubicada fuera del núcleo urbano de Girón.",,anchor_not_available,https://www.runt.gov.co/directorio-de-actores,https://docs.overturemaps.org/getting-data/
cea-giron-centro-de-ensenanza-automovilistico-cea--c3c0cd7a99,CENTRO DE ENSEÑANZA AUTOMOVILISTICO CEA INTTRASEVIAL,CALLE 30 # 24 - 40 BARRIO CASCO ANTIGUO,Giron,Santander,Colombia,CEA,901264430,3184470000,7.067185878753662,-73.16858673095703,confirmed_business,0.98,business,overture_maps_2026-06-17,"Overture ubica CEA Inttrasevial exactamente en Calle 30 24-40, coincidiendo con nombre y dirección RUNT; se descarta otro punto asociado al teléfono en Bucaramanga.",55.9,within_100m,https://www.runt.gov.co/directorio-de-actores,https://docs.overturemaps.org/getting-data/
cea-giron-ensenanza-millas-de-vida-giron-s-a-s-628ff584e5,ENSEÑANZA MILLAS DE VIDA GIRON S.A.S.,CARRERA 26 # 31 - 52,Giron,Santander,Colombia,CEA,901155865,3167536316,7.072999000549316,-73.16804504394531,confirmed_business,0.9114181818181818,business,overture_maps_2026-06-17,Overture db402476-d473-4b9b-95a3-fbe34e0cef57; teléfono RUNT coincide; nombre=CEA Henry Girón SAS; dirección=Calle 39 23-89; score_nombre=0.393; confianza_fuente=0.525; dirección RUNT y lugar comercial difieren,575.6,within_750m,https://www.runt.gov.co/directorio-de-actores,https://docs.overturemaps.org/getting-data/
cia-giron-centro-integral-de-atencion-seguridad-vi-282b776bb5,CENTRO INTEGRAL DE ATENCION SEGURIDAD VIAL DE COLOMBIA,CARRERA 21 E # 22 A - 04 PISO 1 LOCAL 102 BARRIO VILLA CAMPESTRE,Giron,Santander,Colombia,CIA,901619424,3187570781,7.064743518829346,-73.16714477539062,confirmed_address,0.78,neighbourhood_address,overture_maps_2026-06-17,"RUNT indica Carrera 21E 22A-04, Villa Campestre. Se usa el ancla Overture de Carrera 21A 25-20 dentro de la misma urbanización; no confirma el negocio por nombre.",,anchor_not_available,https://www.runt.gov.co/directorio-de-actores,https://docs.overturemaps.org/getting-data/
cia-giron-centro-integral-de-atencion-vial-de-chic-a9d2e92832,CENTRO INTEGRAL DE ATENCION VIAL DE CHICAMOCHA CIA GIRON SAS,CL58 #8-37 LOCAL 11 VIA GIRON,Giron,Santander,Colombia,CIA,900496856,3053141666,7.084198951721191,-73.15579986572266,confirmed_address,0.86,business_complex,overture_maps_2026-06-17,RUNT indica Calle 58 #8-37 local 11 en el complejo Garibaldi. Overture confirma el Centro Empresarial Garibaldi Km 6.,,anchor_not_available,https://www.runt.gov.co/directorio-de-actores,https://docs.overturemaps.org/getting-data/
cia-giron-cia-giron-438f3045c2,CIA GIRON,CLL 25 #21B-203 PISO 2 LOCAL 3,Giron,Santander,Colombia,CIA,902004738,3196860042,7.0638861656188965,-73.1686019897461,confirmed_business,0.9536,business,overture_maps_2026-06-17,Overture 9bb802c6-938f-467b-88a3-d383a05ed718; nombre y dirección coinciden; nombre=Licencias de conducción Girón  Moto y Carro; dirección=Calle 25 21B-203; score_nombre=0.920; confianza_fuente=0.711; web=https://ceagiron.com/,,anchor_not_available,https://www.runt.gov.co/directorio-de-actores,https://ceagiron.com/
cia-giron-cia-global-giron-67604703b8,CIA GLOBAL GIRON,CLL 58 # 8 -03 LOCAL 1 CENTRO COMERCIAL GARIBALDI,Giron,Santander,Colombia,CIA,901661058,3138910432,7.084198951721191,-73.15579986572266,confirmed_address,0.86,business_complex,overture_maps_2026-06-17,"RUNT indica Calle 58 #8-03 local 1, Centro Comercial Garibaldi. Overture confirma el Centro Empresarial Garibaldi Km 6.",,anchor_not_available,https://www.runt.gov.co/directorio-de-actores,https://docs.overturemaps.org/getting-data/
cia-giron-instituto-de-capacitacion-y-formacion-de-4cb3af65fa,INSTITUTO DE CAPACITACION Y FORMACION DE INFRACTORES Y CONDUCTORES CIA INTTR ASEVIAL S.A.S.,CALLE 30 # 24 - 28 BARRIO CENTRO CASCO ANTIGUA,Giron,Santander,Colombia,CIA,901968214,3151675000,7.0672065,-73.169093,approximate_not_confirmed,0.62,street_intersection,openstreetmap_road_network,Cruce colombiano calle 30 con carrera 24; separación de vías=0.0 m; no confirma el negocio.,0.0,within_100m,https://www.runt.gov.co/directorio-de-actores,https://www.openstreetmap.org/copyright
crc-giron-centro-de-reconocimiento-de-conductores--0c554ce0cb,CENTRO DE RECONOCIMIENTO DE CONDUCTORES CERTIMEDIC GIRON S.A.S,CALLE 30 N 23-40,Giron,Santander,Colombia,CRC,901618401,3173779593,7.067165851593018,-73.16761779785156,confirmed_business,0.9536,business,overture_maps_2026-06-17,Overture 5d65a94f-c67c-4042-8503-df3c87e8fe3d; dirección exacta coincide; nombre=Certimedic Girón; dirección=Calle 30 23-40; score_nombre=0.920; confianza_fuente=0.764; web=http://www.certimedic.com.co/,37.3,within_100m,https://www.runt.gov.co/directorio-de-actores,http://www.certimedic.com.co/
crc-giron-centro-de-reconocimiento-de-conductores--22928670ea,CENTRO DE RECONOCIMIENTO DE CONDUCTORES EVALUANDO GIRON,CALLE 30 NO. 26-24,Giron,Santander,Colombia,CRC,900082226,6822936,7.0673269,-73.1698465,approximate_not_confirmed,0.62,street_intersection,openstreetmap_road_network,Cruce colombiano calle 30 con carrera 26; separación de vías=0.0 m; no confirma el negocio.,0.0,within_100m,https://www.runt.gov.co/directorio-de-actores,https://www.openstreetmap.org/copyright
crc-giron-centro-de-reconocimiento-de-conductores--a138cc2d2d,CENTRO DE RECONOCIMIENTO DE CONDUCTORES S.O.S. VIAL SAS,CALLE 30# 24-23 BARRIO CENTRO,Giron,Santander,Colombia,CRC,901614297,3178942810,7.066999912261963,-73.16853332519531,confirmed_address,0.898,address,overture_maps_2026-06-17,Overture 22787dd7-734d-4f06-b091-09bddebf966d; dirección exacta coincide; nombre=Crcsosvial; dirección=Calle 30 24-23; score_nombre=0.225; confianza_fuente=0.307; web=https://www.instagram.com/crcs.o.svial?igsh=bDh6Zmg1N2QxdWM1&utm_source=qr,65.9,within_100m,https://www.runt.gov.co/directorio-de-actores,https://www.instagram.com/crcs.o.svial?igsh=bDh6Zmg1N2QxdWM1&utm_source=qr
crc-giron-confia-crc-giron-dca8f8f64e,CONFIA CRC GIRON,CALLE 58 # 4 - 71 OFICINA 208 BARRIO VEGAS DE VILLAMIZAR,Giron,Santander,Colombia,CRC,900205284,6915880,7.0855393409729,-73.16919708251953,approximate_not_confirmed,0.43,same_street_anchor,overture_maps_2026-06-17,"RUNT indica Calle 58 #4-71, sector Vegas de Villamizar. Se usa un ancla Overture sobre la misma Calle 58 en el corredor industrial de Girón; no confirma el número ni el negocio.",,anchor_not_available,https://www.runt.gov.co/directorio-de-actores,https://docs.overturemaps.org/getting-data/
crc-giron-servisalud-ips-giron-12a1534d68,SERVISALUD IPS GIRON,CARRERA 26 NO. 31-53,Giron,Santander,Colombia,CRC,804001159,6466769,7.0681228,-73.1697969,approximate_not_confirmed,0.62,street_intersection,openstreetmap_road_network,Cruce colombiano carrera 26 con calle 31; separación de vías=0.0 m; no confirma el negocio.,0.0,within_100m,https://www.runt.gov.co/directorio-de-actores,https://www.openstreetmap.org/copyright
crc-giron-vitaltest-ips-giron-s-a-s-0503bb7b6b,VITALTEST IPS GIRON S.A.S.,CARRERA 24 # 29 – 08 BARRIO CENTRO,Giron,Santander,Colombia,CRC,900669739,6076516666,7.066816329956055,-73.16827392578125,confirmed_business,0.9536,business,overture_maps_2026-06-17,Overture c08d1c8c-9859-43a8-95d7-0eb788ebf3b0; dirección exacta coincide; nombre=VitalTest IPS Giron SAS; dirección=Carrera 24 29-08; score_nombre=0.920; confianza_fuente=0.537; web=https://vitaltestips.com/,,anchor_not_available,https://www.runt.gov.co/directorio-de-actores,https://vitaltestips.com/
cda-piedecuesta-cda-barroblanco-e721d73fae,CDA BARROBLANCO,CALLE 17 # 3-50 LOTE VENTA BARRIO BARROBLANCO,Piedecuesta,Santander,Colombia,CDA,901860972,3158405445,6.978180885314941,-73.05094909667969,confirmed_business,0.96,business,overture_maps_2026-06-17,Overture a9716749-abad-4167-8d79-646ba13534d1; nombre comercial muy fuerte; nombre=Cda Barroblanco; dirección=Calle 17-50; score_nombre=1.000; confianza_fuente=0.722; dirección RUNT y lugar comercial difieren,,anchor_not_available,https://www.runt.gov.co/directorio-de-actores,https://docs.overturemaps.org/getting-data/
cda-piedecuesta-cda-el-molino-piedecuesta-3d85476145,CDA EL MOLINO PIEDECUESTA,AUTOPISTA SUR KM 2 VIA BOGOTA COSTADO ORIENTAL LOTE 2 SECTOR EL MOLINO,Piedecuesta,Santander,Colombia,CDA,901801024,3173713928,6.98263692855835,-73.04981994628906,confirmed_business,0.9536,business,overture_maps_2026-06-17,Overture 448d949d-c326-4691-acbc-99592d9a5a61; nombre comercial muy fuerte; nombre=Academia Piedecuesta; dirección=Calle 13-62; score_nombre=0.920; confianza_fuente=0.564; dirección RUNT y lugar comercial difieren,,anchor_not_available,https://www.runt.gov.co/directorio-de-actores,https://docs.overturemaps.org/getting-data/
cda-piedecuesta-cda-motos-de-la-cuesta-57b26776e3,CDA MOTOS DE LA CUESTA,CALLE 9 NO 11 60 Y 11 66 CARRERA 12 NO 9 - 26 BARRIO SAN ANTONIO,Piedecuesta,Santander,Colombia,CDA,900789326,6650202 315 8405445,6.9876322746276855,-73.04645538330078,confirmed_business,0.9536,business,overture_maps_2026-06-17,Overture c858acbd-ffd9-48c9-bc28-de711f4de0a2; nombre y dirección coinciden; nombre=CDA De La Cuesta; dirección=Calle 9 11-60; score_nombre=0.920; confianza_fuente=0.951; web=http://www.cdadelacuesta.com/,,anchor_not_available,https://www.runt.gov.co/directorio-de-actores,http://www.cdadelacuesta.com/
cda-piedecuesta-cda-san-pedro-6599e50b25,CDA SAN PEDRO,KILOMETRO 7 # 0 AUTOPISTA BUCARAMANGA – PIEDECUESTA,Piedecuesta,Santander,Colombia,CDA,830512130,6076781012,7.03508186340332,-73.0699234008789,approximate_not_confirmed,0.42,route_kilometre_anchor,overture_maps_2026-06-17,RUNT indica Kilómetro 7 de la Autopista Bucaramanga-Piedecuesta. Se usa un lugar Overture que declara el mismo Kilómetro 7 y corredor; no confirma CDA San Pedro.,,anchor_not_available,https://www.runt.gov.co/directorio-de-actores,https://docs.overturemaps.org/getting-data/
cda-piedecuesta-centro-de-diagnostico-automotriz-motos-p-a2a6a19547,CENTRO DE DIAGNOSTICO AUTOMOTRIZ MOTOS PIEDECUESTA,CALLE 10 # 9 - 06 BARRIO CENTRO,Piedecuesta,Santander,Colombia,CDA,901438969,3203427839,6.986130237579346,-73.04826354980469,confirmed_business,0.96,business,overture_maps_2026-06-17,Overture ecbecb30-7c21-448e-8f55-6d100e264bae; nombre y dirección coinciden; nombre=CDA Motos Piedecuesta; dirección=Calle 10 9-06; score_nombre=1.000; confianza_fuente=0.763,,anchor_not_available,https://www.runt.gov.co/directorio-de-actores,https://docs.overturemaps.org/getting-data/
cda-piedecuesta-certificado-nacional-tecnomecanico-s-a-d16495d3a6,CERTIFICADO NACIONAL TECNOMECANICO S.A,CALLE 8 N # 3 - 240 DEL SECTOR GUATIGARRA,Piedecuesta,Santander,Colombia,CDA,804017188,6370212,7.000512599945068,-73.05966186523438,confirmed_business,0.9536,business,overture_maps_2026-06-17,Overture d2c355e7-baae-43ac-834a-051b48cfe6b3; nombre comercial muy fuerte; nombre=Certificado Nacional TecnoMecanico; dirección=Calle 3A N-240; score_nombre=0.920; confianza_fuente=0.752; dirección RUNT y lugar comercial difieren,,anchor_not_available,https://www.runt.gov.co/directorio-de-actores,https://docs.overturemaps.org/getting-data/
cea-piedecuesta-autoconducir-sas-c72e6e9421,AUTOCONDUCIR SAS,CALLE 9 # 9 - 76 BARRIO CENTRO,Piedecuesta,Santander,Colombia,CEA,900300029,3132689491,6.987100124359131,-73.04805755615234,confirmed_business,0.9536,business,overture_maps_2026-06-17,Overture 396bf32f-1e70-4c9c-b3af-1c9aca0e1a32; nombre y dirección coinciden; nombre=Escuela de Conducción CEA Autoconducir Piedecuesta | Licencia de Conducción en Piedecuesta; dirección=Calle 9 #9-76 Centro; score_nombre=0.920; confianza_fuente=0.933; web=https://linktr.ee/ceaautoconducirpiedecuesta,78.1,within_100m,https://www.runt.gov.co/directorio-de-actores,https://linktr.ee/ceaautoconducirpiedecuesta
cea-piedecuesta-c-e-a-practi-car-delacuesta-66a04f4443,C.E.A PRACTI - CAR DELACUESTA,CALLE 7AN NO 15 - 06 LOCAL 2 BARRIO QUINTA GRANADA,Piedecuesta,Santander,Colombia,CEA,63517827,6327878,7.0013655,-73.0539342,approximate_not_confirmed,0.58,street_intersection,openstreetmap_road_network,Se prioriza la dirección RUNT mediante road_intersection:calle 7an/carrera 15; el lugar comercial overture_maps_2026-06-17 quedó a 2285 m y no coincidió por teléfono.,0.0,within_100m,https://www.runt.gov.co/directorio-de-actores,https://www.openstreetmap.org/copyright
cea-piedecuesta-cea-piedecuestas-s-a-s-9cb29a011a,CEA PIEDECUESTAS S.A.S,CARRERA 7 6-40,Piedecuesta,Santander,Colombia,CEA,900435732,6555090,6.988290786743164,-73.05123138427734,confirmed_business,0.9383783783783783,business,overture_maps_2026-06-17,Overture f1294137-5c77-4318-8de1-0e301d61e5ae; teléfono RUNT coincide; nombre=CEA Piedecuesta; dirección=Carrera 7 6-40; score_nombre=0.730; confianza_fuente=0.122; web=http://ceapiedecuesta.com/,33.8,within_100m,https://www.runt.gov.co/directorio-de-actores,http://ceapiedecuesta.com/
cea-piedecuesta-centro-de-ensenanza-automovilistica-auto-016bd5edac,CENTRO DE ENSEÑANZA AUTOMOVILISTICA AUTOMAX S.A.S.,CARRERA 7 7 22,Piedecuesta,Santander,Colombia,CEA,901487597,3164906470,6.987437725067139,-73.0508041381836,confirmed_address,0.96,address,overture_maps_2026-06-17,"Overture ubica Automax Piedecuesta exactamente en Carrera 7 7-22, coincidiendo con la dirección RUNT; se ignora una intersección vial abierta incompatible.",,anchor_not_available,https://www.runt.gov.co/directorio-de-actores,https://docs.overturemaps.org/getting-data/
cea-piedecuesta-centro-de-ensenanza-automovilistica-avan-6a86433224,CENTRO DE ENSEÑANZA AUTOMOVILISTICA AVANZADA DE CONDUCCION,CARRERA 6 NO. 9-32 BARRIO CENTRO,Piedecuesta,Santander,Colombia,CEA,901396143,6659071,6.986640453338623,-73.05049133300781,confirmed_address,0.89536,address,overture_maps_2026-06-17,"Overture dd94d12d-9886-4fb4-98ab-0f8c685039e3; dirección exacta coincide; nombre=Mimo's Delacuesta; dirección=Casino Pie de Cuesta, Carrera 6 9-32; score_nombre=0.192; confianza_fuente=0.587",,anchor_not_available,https://www.runt.gov.co/directorio-de-actores,https://docs.overturemaps.org/getting-data/
cea-piedecuesta-centro-de-ensenanza-automovilistica-pie--514fb8dacc,CENTRO DE ENSEÑANZA AUTOMOVILISTICA PIE DE LA CUESTA S.A.S,CALLE 6 N # 9-52 BARRIO JUNIN,Piedecuesta,Santander,Colombia,CEA,901152930,3214291625,7.0002288818359375,-73.05697631835938,confirmed_address,0.78,address_neighbour,overture_maps_2026-06-17,"RUNT indica Calle 6N #9-52, Junín. Overture ubica Calle 6N #7-59 en el mismo barrio y corredor, a pocas cuadras; no confirma el negocio por nombre.",,anchor_not_available,https://www.runt.gov.co/directorio-de-actores,https://docs.overturemaps.org/getting-data/
cea-piedecuesta-centro-de-ensenanza-automovilistica-cea--51357e1d97,CENTRO DE ENSEÑANZA AUTOMOVILISTICA-CEA DOMINIO VIAL.,CARRERA 8 # 4 NORTE 4 PISO 1 BARRIO JUNIN 4,Piedecuesta,Santander,Colombia,CEA,901538037,3177366071,6.990093231201172,-73.051025390625,confirmed_address,0.8962253521126761,address,overture_maps_2026-06-17,Overture c4817eb1-5409-4817-8cce-395239f867a8; dirección exacta coincide; nombre=Morelia | Piedecuesta; dirección=Cra 8 #4N-04 Junin; score_nombre=0.203; confianza_fuente=0.373,,anchor_not_available,https://www.runt.gov.co/directorio-de-actores,https://docs.overturemaps.org/getting-data/
cea-piedecuesta-colsetrans-eu-b457d0f1c2,COLSETRANS EU,CARRERA 6 8-07,Piedecuesta,Santander,Colombia,CEA,800218600,3177781,6.9861245,-73.0513787,confirmed_address,0.9,building,geoapify,"Candidato previo aceptado; país=Colombia, municipio=Manizales y precisión suficiente.",,anchor_not_available,https://www.runt.gov.co/directorio-de-actores,https://www.geoapify.com/geocoding-api/
cia-piedecuesta-centro-integral-de-atencion-vial-cia-pie-9c138f5b45,CENTRO INTEGRAL DE ATENCION VIAL CIA PIEDECUESTA,CL3A #8-151LOCAL 4 SEGUNDO NIVEL,Piedecuesta,Santander,Colombia,CIA,900496856,0,6.99977545,-73.05508155000001,approximate_not_confirmed,0.5,street_intersection,openstreetmap_road_network,Cruce colombiano calle 3a con carrera 8; separación de vías=156.7 m; no confirma el negocio.,0.0,within_100m,https://www.runt.gov.co/directorio-de-actores,https://www.openstreetmap.org/copyright
cia-piedecuesta-cia-global-piedecuesta-d4f7877995,CIA GLOBAL PIEDECUESTA,CARRERA 15 # 2 N - 66 LOCAL 1 ZONA REFRESCANTE BARRIO LA RIOJA,Piedecuesta,Santander,Colombia,CIA,901661058,3138910432,7.00005578994751,-73.053955078125,confirmed_address,0.904,address,overture_maps_2026-06-17,Overture 8ab33322-bdbe-4cfc-af8f-95dc08969205; dirección exacta coincide; nombre=Sabores de Barichara; dirección=Cra 15 #2N-66; score_nombre=0.300; confianza_fuente=0.166,,anchor_not_available,https://www.runt.gov.co/directorio-de-actores,https://docs.overturemaps.org/getting-data/
cia-piedecuesta-cia-guatiguara-16f4fbea74,CIA GUATIGUARA,CARRERA 15 # 3AN-10 ZONA ACESO 5 L B 11 SECTOR ZONA PARALELA LA RIOJA CENTRO COMERCIAL DE LA CUESTA,Piedecuesta,Santander,Colombia,CIA,901943729,3164906470,7.000389099121094,-73.05447387695312,confirmed_address,0.95,business_complex,overture_maps_2026-06-17,"RUNT indica Carrera 15 #3AN-10, Centro Comercial De la Cuesta. Overture b2e0b4a4-c6b0-49a6-a582-e9616a043be1 confirma exactamente la dirección del complejo mediante Cine Colombia.",,anchor_not_available,https://www.runt.gov.co/directorio-de-actores,https://docs.overturemaps.org/getting-data/
cia-piedecuesta-ivelcor-piedecuesta-5b682df114,IVELCOR PIEDECUESTA,CALLE 5 # 9-52,Piedecuesta,Santander,Colombia,CIA,900819620,3208728118,6.9900222,-73.0500564,approximate_not_confirmed,0.62,street_intersection,openstreetmap_road_network,Cruce colombiano calle 5 con carrera 9; separación de vías=0.0 m; no confirma el negocio.,0.0,within_100m,https://www.runt.gov.co/directorio-de-actores,https://www.openstreetmap.org/copyright
crc-piedecuesta-centro-de-reconocimiento-de-santander-li-45069542c2,CENTRO DE RECONOCIMIENTO DE SANTANDER LIMITADA,CALLE 9 # 5 09 APARTAMENTO 5 – 09 M - A,Piedecuesta,Santander,Colombia,CRC,900255142,,6.9854421,-73.0522666,approximate_not_confirmed,0.62,street_intersection,openstreetmap_road_network,Cruce colombiano calle 9 con carrera 5; separación de vías=0.0 m; no confirma el negocio.,0.0,within_100m,https://www.runt.gov.co/directorio-de-actores,https://www.openstreetmap.org/copyright
crc-piedecuesta-certisalud-sas-541469ad03,CERTISALUD SAS,CARRERA 7 NO. 8 22,Piedecuesta,Santander,Colombia,CRC,900547235,6913422,6.9870249,-73.050667,approximate_not_confirmed,0.62,street_intersection,openstreetmap_road_network,Cruce colombiano carrera 7 con calle 8; separación de vías=0.0 m; no confirma el negocio.,0.0,within_100m,https://www.runt.gov.co/directorio-de-actores,https://www.openstreetmap.org/copyright
